"","lon","lat","date","time","dateTime"
"1",-117.210141,32.797593,"2011-08-17","22:12:13",2011-08-17 22:12:13
"2",-117.208523,32.79495,"2011-08-17","22:12:23",2011-08-17 22:12:23
"3",-117.207537,32.792435,"2011-08-17","22:12:33",2011-08-17 22:12:33
"4",-117.207092,32.789795,"2011-08-17","22:12:43",2011-08-17 22:12:43
"5",-117.207246,32.7869,"2011-08-17","22:12:53",2011-08-17 22:12:53
"6",-117.207729,32.78414,"2011-08-17","22:13:03",2011-08-17 22:13:03
"7",-117.208287,32.781148,"2011-08-17","22:13:13",2011-08-17 22:13:13
"8",-117.20871,32.778149,"2011-08-17","22:13:23",2011-08-17 22:13:23
"9",-117.208113,32.775202,"2011-08-17","22:13:33",2011-08-17 22:13:33
"10",-117.207342,32.772395,"2011-08-17","22:13:43",2011-08-17 22:13:43
"11",-117.20663,32.76958,"2011-08-17","22:13:53",2011-08-17 22:13:53
"12",-117.205874,32.766583,"2011-08-17","22:14:03",2011-08-17 22:14:03
"13",-117.205091,32.76361,"2011-08-17","22:14:13",2011-08-17 22:14:13
"14",-117.20436,32.760665,"2011-08-17","22:14:23",2011-08-17 22:14:23
"15",-117.20356,32.757646,"2011-08-17","22:14:33",2011-08-17 22:14:33
"16",-117.201789,32.754884,"2011-08-17","22:14:43",2011-08-17 22:14:43
"17",-117.198912,32.752823,"2011-08-17","22:14:53",2011-08-17 22:14:53
"18",-117.196573,32.750406,"2011-08-17","22:15:03",2011-08-17 22:15:03
"19",-117.194138,32.748096,"2011-08-17","22:15:13",2011-08-17 22:15:13
"20",-117.191064,32.746425,"2011-08-17","22:15:23",2011-08-17 22:15:23
"21",-117.187862,32.74492,"2011-08-17","22:15:33",2011-08-17 22:15:33
"22",-117.184518,32.743347,"2011-08-17","22:15:43",2011-08-17 22:15:43
"23",-117.181122,32.741756,"2011-08-17","22:15:53",2011-08-17 22:15:53
"24",-117.178714,32.73965,"2011-08-17","22:16:03",2011-08-17 22:16:03
"25",-117.176608,32.737189,"2011-08-17","22:16:13",2011-08-17 22:16:13
"26",-117.174741,32.73505,"2011-08-17","22:16:23",2011-08-17 22:16:23
"27",-117.173166,32.733232,"2011-08-17","22:16:33",2011-08-17 22:16:33
"28",-117.171415,32.731145,"2011-08-17","22:16:43",2011-08-17 22:16:43
"29",-117.169645,32.729112,"2011-08-17","22:16:53",2011-08-17 22:16:53
"30",-117.167984,32.727186,"2011-08-17","22:17:03",2011-08-17 22:17:03
"31",-117.166475,32.725231,"2011-08-17","22:17:13",2011-08-17 22:17:13
"32",-117.16495,32.723562,"2011-08-17","22:17:23",2011-08-17 22:17:23
"33",-117.164689,32.722092,"2011-08-17","22:17:33",2011-08-17 22:17:33
"34",-117.164742,32.720682,"2011-08-17","22:17:43",2011-08-17 22:17:43
"35",-117.164774,32.719452,"2011-08-17","22:17:53",2011-08-17 22:17:53
"36",-117.16481,32.718399,"2011-08-17","22:18:08",2011-08-17 22:18:08
"37",-117.164828,32.718044,"2011-08-17","22:18:45",2011-08-17 22:18:45
"38",-117.16475,32.717006,"2011-08-17","22:18:57",2011-08-17 22:18:57
"39",-117.164594,32.715697,"2011-08-17","22:19:14",2011-08-17 22:19:14
"40",-117.16449,32.714434,"2011-08-17","22:19:28",2011-08-17 22:19:28
"41",-117.164659,32.712887,"2011-08-17","22:19:38",2011-08-17 22:19:38
"42",-117.164702,32.712666,"2011-08-17","22:20:16",2011-08-17 22:20:16
"43",-117.16474,32.711395,"2011-08-17","22:20:37",2011-08-17 22:20:37
"44",-117.165918,32.711376,"2011-08-17","22:20:51",2011-08-17 22:20:51
"45",-117.167204,32.711286,"2011-08-17","22:21:11",2011-08-17 22:21:11
"46",-117.168233,32.710928,"2011-08-17","22:21:30",2011-08-17 22:21:30
"47",-117.168491,32.710425,"2011-08-17","22:22:15",2011-08-17 22:22:15
"48",-117.168378,32.710304,"2011-08-17","22:23:00",2011-08-17 22:23:00
"49",-117.165684,32.710358,"2011-08-17","22:31:42",2011-08-17 22:31:42
"50",-117.166167,32.709786,"2011-08-17","22:32:30",2011-08-17 22:32:30
"51",-117.166192,32.709858,"2011-08-17","22:33:15",2011-08-17 22:33:15
"52",-117.167831,32.710652,"2011-08-18","00:19:59",2011-08-18 00:19:59
"53",-117.167822,32.710395,"2011-08-18","00:20:25",2011-08-18 00:20:25
"54",-117.167995,32.709928,"2011-08-18","00:21:15",2011-08-18 00:21:15
"55",-117.167207,32.710302,"2011-08-18","00:22:35",2011-08-18 00:22:35
"56",-117.167116,32.710291,"2011-08-18","00:23:20",2011-08-18 00:23:20
"57",-117.167521,32.710126,"2011-08-18","00:24:10",2011-08-18 00:24:10
"58",-117.168005,32.709503,"2011-08-18","00:24:49",2011-08-18 00:24:49
"59",-117.168334,32.71033,"2011-08-18","00:25:17",2011-08-18 00:25:17
"60",-117.168523,32.71059,"2011-08-18","00:28:48",2011-08-18 00:28:48
"61",-117.168471,32.710721,"2011-08-18","00:29:31",2011-08-18 00:29:31
"62",-117.16827,32.710894,"2011-08-18","00:30:16",2011-08-18 00:30:16
"63",-117.166967,32.710268,"2011-08-18","00:30:32",2011-08-18 00:30:32
"64",-117.165605,32.709569,"2011-08-18","00:30:53",2011-08-18 00:30:53
"65",-117.164628,32.709012,"2011-08-18","00:31:21",2011-08-18 00:31:21
"66",-117.163478,32.70845,"2011-08-18","00:31:31",2011-08-18 00:31:31
"67",-117.162178,32.707773,"2011-08-18","00:31:41",2011-08-18 00:31:41
"68",-117.161025,32.707141,"2011-08-18","00:32:03",2011-08-18 00:32:03
"69",-117.160415,32.706954,"2011-08-18","00:32:35",2011-08-18 00:32:35
"70",-117.160212,32.707537,"2011-08-18","00:33:21",2011-08-18 00:33:21
"71",-117.160193,32.70771,"2011-08-18","00:34:06",2011-08-18 00:34:06
"72",-117.160187,32.708062,"2011-08-18","00:34:48",2011-08-18 00:34:48
"73",-117.160184,32.709009,"2011-08-18","00:35:15",2011-08-18 00:35:15
"74",-117.160081,32.71014,"2011-08-18","00:35:40",2011-08-18 00:35:40
"75",-117.160139,32.711179,"2011-08-18","00:36:09",2011-08-18 00:36:09
"76",-117.160138,32.712275,"2011-08-18","00:36:36",2011-08-18 00:36:36
"77",-117.160148,32.712361,"2011-08-18","00:37:21",2011-08-18 00:37:21
"78",-117.160139,32.713532,"2011-08-18","00:37:47",2011-08-18 00:37:47
"79",-117.160147,32.71452,"2011-08-18","00:38:11",2011-08-18 00:38:11
"80",-117.160133,32.715628,"2011-08-18","00:38:36",2011-08-18 00:38:36
"81",-117.160124,32.716721,"2011-08-18","00:38:55",2011-08-18 00:38:55
"82",-117.16029,32.717959,"2011-08-18","00:39:14",2011-08-18 00:39:14
"83",-117.15982,32.718931,"2011-08-18","00:39:33",2011-08-18 00:39:33
"84",-117.159311,32.718268,"2011-08-18","00:40:06",2011-08-18 00:40:06
"85",-117.158896,32.717297,"2011-08-18","00:40:33",2011-08-18 00:40:33
"86",-117.158628,32.717144,"2011-08-18","00:41:09",2011-08-18 00:41:09
"87",-117.159175,32.716266,"2011-08-18","00:41:44",2011-08-18 00:41:44
"88",-117.159458,32.715683,"2011-08-18","00:42:20",2011-08-18 00:42:20
"89",-117.160127,32.715776,"2011-08-18","00:42:54",2011-08-18 00:42:54
"90",-117.161371,32.715653,"2011-08-18","00:43:22",2011-08-18 00:43:22
"91",-117.162117,32.715675,"2011-08-18","00:43:57",2011-08-18 00:43:57
"92",-117.162559,32.715694,"2011-08-18","00:44:41",2011-08-18 00:44:41
"93",-117.16194,32.715584,"2011-08-18","00:45:12",2011-08-18 00:45:12
"94",-117.161022,32.715385,"2011-08-18","00:45:47",2011-08-18 00:45:47
"95",-117.161089,32.71444,"2011-08-18","00:46:13",2011-08-18 00:46:13
"96",-117.16103,32.714131,"2011-08-18","00:47:00",2011-08-18 00:47:00
"97",-117.161064,32.713857,"2011-08-18","00:47:36",2011-08-18 00:47:36
"98",-117.161144,32.71353,"2011-08-18","00:48:15",2011-08-18 00:48:15
"99",-117.161151,32.712905,"2011-08-18","00:48:46",2011-08-18 00:48:46
"100",-117.161023,32.711681,"2011-08-18","00:49:11",2011-08-18 00:49:11
"101",-117.161881,32.711521,"2011-08-18","00:49:44",2011-08-18 00:49:44
"102",-117.162738,32.711538,"2011-08-18","00:50:17",2011-08-18 00:50:17
"103",-117.164285,32.711545,"2011-08-18","00:50:40",2011-08-18 00:50:40
"104",-117.165224,32.711555,"2011-08-18","00:51:01",2011-08-18 00:51:01
"105",-117.166503,32.711536,"2011-08-18","00:51:22",2011-08-18 00:51:22
"106",-117.167696,32.711477,"2011-08-18","00:51:32",2011-08-18 00:51:32
"107",-117.168129,32.711255,"2011-08-18","00:52:08",2011-08-18 00:52:08
"108",-117.168384,32.710572,"2011-08-18","00:52:35",2011-08-18 00:52:35
"109",-117.167816,32.710224,"2011-08-18","00:53:14",2011-08-18 00:53:14
"110",-117.167028,32.710244,"2011-08-18","00:57:34",2011-08-18 00:57:34
"111",-117.167238,32.710943,"2011-08-18","00:58:11",2011-08-18 00:58:11
"112",-117.168588,32.710222,"2011-08-18","00:59:27",2011-08-18 00:59:27
"113",-117.167676,32.711086,"2011-08-18","00:59:53",2011-08-18 00:59:53
"114",-117.167255,32.71102,"2011-08-18","01:00:35",2011-08-18 01:00:35
"115",-117.16849,32.709508,"2011-08-18","01:02:05",2011-08-18 01:02:05
"116",-117.168178,32.709649,"2011-08-18","01:04:56",2011-08-18 01:04:56
"117",-117.169133,32.711527,"2011-08-18","01:06:24",2011-08-18 01:06:24
"118",-117.168603,32.711692,"2011-08-18","01:07:04",2011-08-18 01:07:04
"119",-117.168404,32.71114,"2011-08-18","01:07:43",2011-08-18 01:07:43
"120",-117.168286,32.710935,"2011-08-18","01:08:25",2011-08-18 01:08:25
"121",-117.167651,32.711193,"2011-08-18","01:09:14",2011-08-18 01:09:14
"122",-117.166747,32.711284,"2011-08-18","01:10:03",2011-08-18 01:10:03
"123",-117.166101,32.711136,"2011-08-18","01:10:53",2011-08-18 01:10:53
"124",-117.165503,32.711151,"2011-08-18","01:11:43",2011-08-18 01:11:43
"125",-117.165066,32.711327,"2011-08-18","01:12:21",2011-08-18 01:12:21
"126",-117.164864,32.711439,"2011-08-18","01:13:05",2011-08-18 01:13:05
"127",-117.164244,32.71135,"2011-08-18","01:13:51",2011-08-18 01:13:51
"128",-117.163969,32.711468,"2011-08-18","01:14:41",2011-08-18 01:14:41
"129",-117.163657,32.711267,"2011-08-18","01:15:26",2011-08-18 01:15:26
"130",-117.163186,32.7111,"2011-08-18","01:16:15",2011-08-18 01:16:15
"131",-117.162407,32.711231,"2011-08-18","01:17:01",2011-08-18 01:17:01
"132",-117.161776,32.711322,"2011-08-18","01:17:46",2011-08-18 01:17:46
"133",-117.161276,32.71151,"2011-08-18","01:18:36",2011-08-18 01:18:36
"134",-117.161099,32.712138,"2011-08-18","01:19:24",2011-08-18 01:19:24
"135",-117.161215,32.712494,"2011-08-18","01:20:12",2011-08-18 01:20:12
"136",-117.161069,32.712917,"2011-08-18","01:20:55",2011-08-18 01:20:55
"137",-117.160988,32.7135,"2011-08-18","01:21:44",2011-08-18 01:21:44
"138",-117.160887,32.713814,"2011-08-18","01:22:32",2011-08-18 01:22:32
"139",-117.16091,32.714393,"2011-08-18","01:23:21",2011-08-18 01:23:21
"140",-117.161007,32.714736,"2011-08-18","01:24:10",2011-08-18 01:24:10
"141",-117.161002,32.714752,"2011-08-18","01:25:00",2011-08-18 01:25:00
"142",-117.1611,32.714629,"2011-08-18","01:25:45",2011-08-18 01:25:45
"143",-117.16184,32.714978,"2011-08-18","01:26:31",2011-08-18 01:26:31
"144",-117.162084,32.715038,"2011-08-18","01:27:18",2011-08-18 01:27:18
"145",-117.161729,32.714771,"2011-08-18","01:27:55",2011-08-18 01:27:55
"146",-117.163044,32.713712,"2011-08-18","02:16:25",2011-08-18 02:16:25
"147",-117.16274,32.713687,"2011-08-18","02:17:15",2011-08-18 02:17:15
"148",-117.162471,32.713849,"2011-08-18","02:18:00",2011-08-18 02:18:00
"149",-117.162007,32.714039,"2011-08-18","02:18:46",2011-08-18 02:18:46
"150",-117.162101,32.714328,"2011-08-18","02:25:41",2011-08-18 02:25:41
"151",-117.161956,32.714417,"2011-08-18","02:26:26",2011-08-18 02:26:26
"152",-117.162007,32.714499,"2011-08-18","02:27:11",2011-08-18 02:27:11
"153",-117.161375,32.714589,"2011-08-18","02:27:46",2011-08-18 02:27:46
"154",-117.161253,32.714636,"2011-08-18","02:28:31",2011-08-18 02:28:31
"155",-117.161084,32.714731,"2011-08-18","02:29:11",2011-08-18 02:29:11
"156",-117.160989,32.715097,"2011-08-18","02:29:59",2011-08-18 02:29:59
"157",-117.16109,32.715607,"2011-08-18","02:30:47",2011-08-18 02:30:47
"158",-117.161065,32.715694,"2011-08-18","02:31:32",2011-08-18 02:31:32
"159",-117.160372,32.715694,"2011-08-18","02:32:17",2011-08-18 02:32:17
"160",-117.160147,32.715671,"2011-08-18","02:33:00",2011-08-18 02:33:00
"161",-117.160247,32.715773,"2011-08-18","02:33:47",2011-08-18 02:33:47
"162",-117.160203,32.716309,"2011-08-18","02:34:36",2011-08-18 02:34:36
"163",-117.16009,32.716838,"2011-08-18","02:35:23",2011-08-18 02:35:23
"164",-117.160051,32.71678,"2011-08-18","02:36:10",2011-08-18 02:36:10
"165",-117.159294,32.716856,"2011-08-18","02:37:00",2011-08-18 02:37:00
"166",-117.15858,32.716923,"2011-08-18","02:37:36",2011-08-18 02:37:36
"167",-117.15873,32.71707,"2011-08-18","02:38:23",2011-08-18 02:38:23
"168",-117.15939,32.716751,"2011-08-18","02:39:10",2011-08-18 02:39:10
"169",-117.160026,32.716822,"2011-08-18","02:39:58",2011-08-18 02:39:58
"170",-117.160164,32.71673,"2011-08-18","02:40:40",2011-08-18 02:40:40
"171",-117.160424,32.716768,"2011-08-18","02:41:30",2011-08-18 02:41:30
"172",-117.16025,32.71691,"2011-08-18","02:45:36",2011-08-18 02:45:36
"173",-117.160224,32.716783,"2011-08-18","02:46:16",2011-08-18 02:46:16
"174",-117.16022,32.716792,"2011-08-18","02:47:01",2011-08-18 02:47:01
"175",-117.160358,32.716915,"2011-08-18","02:47:44",2011-08-18 02:47:44
"176",-117.16028,32.716951,"2011-08-18","02:48:29",2011-08-18 02:48:29
"177",-117.160536,32.71698,"2011-08-18","02:49:19",2011-08-18 02:49:19
"178",-117.160286,32.716812,"2011-08-18","02:50:04",2011-08-18 02:50:04
"179",-117.160032,32.716602,"2011-08-18","02:50:49",2011-08-18 02:50:49
"180",-117.160608,32.716816,"2011-08-18","02:51:35",2011-08-18 02:51:35
"181",-117.160607,32.716734,"2011-08-18","02:52:15",2011-08-18 02:52:15
"182",-117.160111,32.716615,"2011-08-18","02:53:04",2011-08-18 02:53:04
"183",-117.160282,32.716727,"2011-08-18","02:53:49",2011-08-18 02:53:49
"184",-117.160363,32.716857,"2011-08-18","02:54:34",2011-08-18 02:54:34
"185",-117.160624,32.71673,"2011-08-18","02:55:14",2011-08-18 02:55:14
"186",-117.160832,32.716691,"2011-08-18","02:55:56",2011-08-18 02:55:56
"187",-117.160459,32.716613,"2011-08-18","02:56:36",2011-08-18 02:56:36
"188",-117.16041,32.716647,"2011-08-18","02:57:19",2011-08-18 02:57:19
"189",-117.160495,32.716809,"2011-08-18","02:58:01",2011-08-18 02:58:01
"190",-117.160534,32.716926,"2011-08-18","02:58:50",2011-08-18 02:58:50
"191",-117.160636,32.717006,"2011-08-18","02:59:30",2011-08-18 02:59:30
"192",-117.160342,32.717063,"2011-08-18","03:03:18",2011-08-18 03:03:18
"193",-117.160143,32.716981,"2011-08-18","03:04:03",2011-08-18 03:04:03
"194",-117.160291,32.717105,"2011-08-18","03:04:48",2011-08-18 03:04:48
"195",-117.160271,32.717085,"2011-08-18","03:05:33",2011-08-18 03:05:33
"196",-117.160163,32.716767,"2011-08-18","03:11:28",2011-08-18 03:11:28
"197",-117.15966,32.716867,"2011-08-18","03:12:17",2011-08-18 03:12:17
"198",-117.159455,32.717117,"2011-08-18","03:13:02",2011-08-18 03:13:02
"199",-117.159293,32.717223,"2011-08-18","03:13:42",2011-08-18 03:13:42
"200",-117.159319,32.717306,"2011-08-18","03:14:27",2011-08-18 03:14:27
"201",-117.159991,32.717172,"2011-08-18","03:15:07",2011-08-18 03:15:07
"202",-117.160335,32.717025,"2011-08-18","03:15:57",2011-08-18 03:15:57
"203",-117.160513,32.716334,"2011-08-18","03:16:43",2011-08-18 03:16:43
"204",-117.160395,32.715642,"2011-08-18","03:17:19",2011-08-18 03:17:19
"205",-117.160976,32.715717,"2011-08-18","03:18:09",2011-08-18 03:18:09
"206",-117.161063,32.715298,"2011-08-18","03:18:59",2011-08-18 03:18:59
"207",-117.161102,32.7146,"2011-08-18","03:19:46",2011-08-18 03:19:46
"208",-117.161205,32.713965,"2011-08-18","03:20:35",2011-08-18 03:20:35
"209",-117.16113,32.713607,"2011-08-18","03:21:20",2011-08-18 03:21:20
"210",-117.161204,32.713265,"2011-08-18","03:22:10",2011-08-18 03:22:10
"211",-117.161057,32.712595,"2011-08-18","03:22:57",2011-08-18 03:22:57
"212",-117.161097,32.712164,"2011-08-18","03:23:41",2011-08-18 03:23:41
"213",-117.161038,32.711575,"2011-08-18","03:24:30",2011-08-18 03:24:30
"214",-117.161149,32.711566,"2011-08-18","03:25:15",2011-08-18 03:25:15
"215",-117.161122,32.711298,"2011-08-18","03:26:00",2011-08-18 03:26:00
"216",-117.161002,32.710719,"2011-08-18","03:26:50",2011-08-18 03:26:50
"217",-117.160899,32.71019,"2011-08-18","03:27:40",2011-08-18 03:27:40
"218",-117.161006,32.709903,"2011-08-18","03:28:30",2011-08-18 03:28:30
"219",-117.160966,32.709396,"2011-08-18","03:29:06",2011-08-18 03:29:06
"220",-117.161101,32.708887,"2011-08-18","03:29:56",2011-08-18 03:29:56
"221",-117.161261,32.708408,"2011-08-18","03:30:46",2011-08-18 03:30:46
"222",-117.161922,32.708448,"2011-08-18","03:31:36",2011-08-18 03:31:36
"223",-117.162463,32.708534,"2011-08-18","03:32:26",2011-08-18 03:32:26
"224",-117.163039,32.708843,"2011-08-18","03:33:16",2011-08-18 03:33:16
"225",-117.163608,32.70914,"2011-08-18","03:34:06",2011-08-18 03:34:06
"226",-117.163992,32.709066,"2011-08-18","03:34:56",2011-08-18 03:34:56
"227",-117.164664,32.70898,"2011-08-18","03:35:45",2011-08-18 03:35:45
"228",-117.165289,32.709282,"2011-08-18","03:36:35",2011-08-18 03:36:35
"229",-117.16584,32.709624,"2011-08-18","03:37:25",2011-08-18 03:37:25
"230",-117.166463,32.709915,"2011-08-18","03:38:15",2011-08-18 03:38:15
"231",-117.16704,32.710189,"2011-08-18","03:39:05",2011-08-18 03:39:05
"232",-117.167547,32.710518,"2011-08-18","03:39:55",2011-08-18 03:39:55
"233",-117.168103,32.710276,"2011-08-18","03:40:45",2011-08-18 03:40:45
"234",-117.167884,32.710521,"2011-08-18","03:41:26",2011-08-18 03:41:26
"235",-117.167807,32.70966,"2011-08-18","03:42:54",2011-08-18 03:42:54
"236",-117.168178,32.710713,"2011-08-18","19:06:59",2011-08-18 19:06:59
"237",-117.166934,32.710099,"2011-08-18","19:07:12",2011-08-18 19:07:12
"238",-117.165484,32.709326,"2011-08-18","19:07:22",2011-08-18 19:07:22
"239",-117.16401,32.708535,"2011-08-18","19:07:32",2011-08-18 19:07:32
"240",-117.162641,32.708078,"2011-08-18","19:07:42",2011-08-18 19:07:42
"241",-117.161522,32.707571,"2011-08-18","19:07:53",2011-08-18 19:07:53
"242",-117.160588,32.706799,"2011-08-18","19:08:13",2011-08-18 19:08:13
"243",-117.159533,32.706088,"2011-08-18","19:08:23",2011-08-18 19:08:23
"244",-117.158478,32.705483,"2011-08-18","19:08:33",2011-08-18 19:08:33
"245",-117.157333,32.704708,"2011-08-18","19:08:43",2011-08-18 19:08:43
"246",-117.15571,32.703689,"2011-08-18","19:08:53",2011-08-18 19:08:53
"247",-117.154109,32.702619,"2011-08-18","19:09:03",2011-08-18 19:09:03
"248",-117.152316,32.701435,"2011-08-18","19:09:13",2011-08-18 19:09:13
"249",-117.150746,32.700402,"2011-08-18","19:09:23",2011-08-18 19:09:23
"250",-117.142502,32.701266,"2011-08-19","04:15:00",2011-08-19 04:15:00
"251",-117.145337,32.703196,"2011-08-19","04:15:10",2011-08-19 04:15:10
"252",-117.147425,32.705287,"2011-08-19","04:15:20",2011-08-19 04:15:20
"253",-117.147607,32.707989,"2011-08-19","04:15:30",2011-08-19 04:15:30
"254",-117.147595,32.711034,"2011-08-19","04:15:40",2011-08-19 04:15:40
"255",-117.147594,32.713888,"2011-08-19","04:15:50",2011-08-19 04:15:50
"256",-117.147597,32.716584,"2011-08-19","04:16:00",2011-08-19 04:16:00
"257",-117.147776,32.719212,"2011-08-19","04:16:10",2011-08-19 04:16:10
"258",-117.148698,32.721711,"2011-08-19","04:16:20",2011-08-19 04:16:20
"259",-117.150455,32.723818,"2011-08-19","04:16:30",2011-08-19 04:16:30
"260",-117.153287,32.724559,"2011-08-19","04:16:40",2011-08-19 04:16:40
"261",-117.15574,32.724261,"2011-08-19","04:16:50",2011-08-19 04:16:50
"262",-117.157462,32.724187,"2011-08-19","04:17:00",2011-08-19 04:17:00
"263",-117.159044,32.7241,"2011-08-19","04:17:11",2011-08-19 04:17:11
"264",-117.159363,32.723027,"2011-08-19","04:17:28",2011-08-19 04:17:28
"265",-117.159314,32.721719,"2011-08-19","04:17:38",2011-08-19 04:17:38
"266",-117.159289,32.72039,"2011-08-19","04:17:48",2011-08-19 04:17:48
"267",-117.159228,32.719045,"2011-08-19","04:18:09",2011-08-19 04:18:09
"268",-117.159232,32.718721,"2011-08-19","04:18:49",2011-08-19 04:18:49
"269",-117.159454,32.718162,"2011-08-19","04:19:27",2011-08-19 04:19:27
"270",-117.15967,32.718086,"2011-08-19","04:20:10",2011-08-19 04:20:10
"271",-117.160633,32.717642,"2011-08-19","04:20:33",2011-08-19 04:20:33
"272",-117.16074,32.716471,"2011-08-19","04:20:58",2011-08-19 04:20:58
"273",-117.160803,32.715154,"2011-08-19","04:21:21",2011-08-19 04:21:21
"274",-117.160855,32.714695,"2011-08-19","04:21:53",2011-08-19 04:21:53
"275",-117.160826,32.713542,"2011-08-19","04:22:10",2011-08-19 04:22:10
"276",-117.160978,32.712637,"2011-08-19","04:22:40",2011-08-19 04:22:40
"277",-117.160403,32.71252,"2011-08-19","04:23:14",2011-08-19 04:23:14
"278",-117.160198,32.713273,"2011-08-19","04:23:46",2011-08-19 04:23:46
"279",-117.160178,32.713739,"2011-08-19","04:24:26",2011-08-19 04:24:26
"280",-117.160187,32.714546,"2011-08-19","04:24:54",2011-08-19 04:24:54
"281",-117.16024,32.715572,"2011-08-19","04:25:19",2011-08-19 04:25:19
"282",-117.160273,32.716504,"2011-08-19","04:25:46",2011-08-19 04:25:46
"283",-117.160213,32.716806,"2011-08-19","04:26:29",2011-08-19 04:26:29
"284",-117.160145,32.716783,"2011-08-19","04:27:06",2011-08-19 04:27:06
"285",-117.160111,32.716713,"2011-08-19","04:27:51",2011-08-19 04:27:51
"286",-117.160139,32.716659,"2011-08-19","04:28:37",2011-08-19 04:28:37
"287",-117.159997,32.716943,"2011-08-19","04:29:22",2011-08-19 04:29:22
"288",-117.160072,32.717009,"2011-08-19","04:30:05",2011-08-19 04:30:05
"289",-117.160018,32.717002,"2011-08-19","04:30:47",2011-08-19 04:30:47
"290",-117.160306,32.717122,"2011-08-19","04:31:32",2011-08-19 04:31:32
"291",-117.160255,32.716855,"2011-08-19","04:32:17",2011-08-19 04:32:17
"292",-117.160239,32.716962,"2011-08-19","04:35:49",2011-08-19 04:35:49
"293",-117.160217,32.716947,"2011-08-19","04:36:27",2011-08-19 04:36:27
"294",-117.160132,32.716976,"2011-08-19","04:37:09",2011-08-19 04:37:09
"295",-117.160108,32.716899,"2011-08-19","04:37:49",2011-08-19 04:37:49
"296",-117.160101,32.716751,"2011-08-19","04:38:29",2011-08-19 04:38:29
"297",-117.160132,32.716896,"2011-08-19","04:39:12",2011-08-19 04:39:12
"298",-117.160092,32.717024,"2011-08-19","04:39:58",2011-08-19 04:39:58
"299",-117.160024,32.716982,"2011-08-19","04:40:41",2011-08-19 04:40:41
"300",-117.160266,32.717203,"2011-08-19","04:41:27",2011-08-19 04:41:27
"301",-117.160185,32.716991,"2011-08-19","04:42:15",2011-08-19 04:42:15
"302",-117.160246,32.716795,"2011-08-19","04:46:12",2011-08-19 04:46:12
"303",-117.160021,32.716369,"2011-08-19","04:46:52",2011-08-19 04:46:52
"304",-117.160091,32.716511,"2011-08-19","04:47:37",2011-08-19 04:47:37
"305",-117.160088,32.716534,"2011-08-19","04:48:17",2011-08-19 04:48:17
"306",-117.160065,32.716546,"2011-08-19","04:49:02",2011-08-19 04:49:02
"307",-117.160088,32.716871,"2011-08-19","04:55:14",2011-08-19 04:55:14
"308",-117.160054,32.716967,"2011-08-19","04:55:54",2011-08-19 04:55:54
"309",-117.160072,32.717,"2011-08-19","04:56:34",2011-08-19 04:56:34
"310",-117.160092,32.717026,"2011-08-19","04:57:14",2011-08-19 04:57:14
"311",-117.160154,32.717154,"2011-08-19","04:57:59",2011-08-19 04:57:59
"312",-117.160772,32.717876,"2011-08-19","04:58:24",2011-08-19 04:58:24
"313",-117.161114,32.717517,"2011-08-19","04:58:58",2011-08-19 04:58:58
"314",-117.161008,32.716236,"2011-08-19","04:59:17",2011-08-19 04:59:17
"315",-117.161026,32.714953,"2011-08-19","04:59:33",2011-08-19 04:59:33
"316",-117.161036,32.713828,"2011-08-19","04:59:44",2011-08-19 04:59:44
"317",-117.161043,32.712762,"2011-08-19","05:00:08",2011-08-19 05:00:08
"318",-117.161109,32.711656,"2011-08-19","05:00:33",2011-08-19 05:00:33
"319",-117.161588,32.711527,"2011-08-19","05:01:12",2011-08-19 05:01:12
"320",-117.162653,32.711515,"2011-08-19","05:01:41",2011-08-19 05:01:41
"321",-117.163409,32.71155,"2011-08-19","05:02:13",2011-08-19 05:02:13
"322",-117.164219,32.711482,"2011-08-19","05:02:44",2011-08-19 05:02:44
"323",-117.165115,32.711491,"2011-08-19","05:03:17",2011-08-19 05:03:17
"324",-117.165764,32.711444,"2011-08-19","05:03:52",2011-08-19 05:03:52
"325",-117.16617,32.711516,"2011-08-19","05:04:42",2011-08-19 05:04:42
"326",-117.166432,32.711557,"2011-08-19","05:05:27",2011-08-19 05:05:27
"327",-117.167417,32.71146,"2011-08-19","05:06:09",2011-08-19 05:06:09
"328",-117.168371,32.710836,"2011-08-19","05:06:33",2011-08-19 05:06:33
"329",-117.167775,32.710456,"2011-08-19","05:07:09",2011-08-19 05:07:09
"330",-117.16782,32.710383,"2011-08-19","05:07:51",2011-08-19 05:07:51
"331",-117.168276,32.710824,"2011-08-19","05:08:26",2011-08-19 05:08:26
"332",-117.168773,32.711307,"2011-08-19","05:08:52",2011-08-19 05:08:52
"333",-117.169398,32.711026,"2011-08-19","05:09:33",2011-08-19 05:09:33
"334",-117.169339,32.709698,"2011-08-19","05:09:51",2011-08-19 05:09:51
"335",-117.169458,32.70917,"2011-08-19","05:10:29",2011-08-19 05:10:29
"336",-117.169336,32.70961,"2011-08-19","05:11:14",2011-08-19 05:11:14
"337",-117.169069,32.710511,"2011-08-19","05:11:48",2011-08-19 05:11:48
"338",-117.168275,32.710566,"2011-08-19","05:12:29",2011-08-19 05:12:29
"339",-117.168082,32.710737,"2011-08-19","17:57:52",2011-08-19 17:57:52
"340",-117.168059,32.710854,"2011-08-19","17:58:31",2011-08-19 17:58:31
"341",-117.167522,32.710659,"2011-08-19","17:59:00",2011-08-19 17:59:00
"342",-117.166397,32.71003,"2011-08-19","17:59:11",2011-08-19 17:59:11
"343",-117.165118,32.709379,"2011-08-19","17:59:30",2011-08-19 17:59:30
"344",-117.164675,32.709154,"2011-08-19","18:00:09",2011-08-19 18:00:09
"345",-117.16442,32.709032,"2011-08-19","18:00:52",2011-08-19 18:00:52
"346",-117.164005,32.709252,"2011-08-19","18:01:26",2011-08-19 18:01:26
"347",-117.163764,32.710232,"2011-08-19","18:01:44",2011-08-19 18:01:44
"348",-117.163828,32.710829,"2011-08-19","18:02:17",2011-08-19 18:02:17
"349",-117.163867,32.711137,"2011-08-19","18:02:56",2011-08-19 18:02:56
"350",-117.163859,32.712383,"2011-08-19","18:03:21",2011-08-19 18:03:21
"351",-117.16385,32.713474,"2011-08-19","18:03:32",2011-08-19 18:03:32
"352",-117.163833,32.714569,"2011-08-19","18:03:43",2011-08-19 18:03:43
"353",-117.164108,32.715907,"2011-08-19","18:03:59",2011-08-19 18:03:59
"354",-117.163852,32.717049,"2011-08-19","18:04:10",2011-08-19 18:04:10
"355",-117.163872,32.718274,"2011-08-19","18:04:20",2011-08-19 18:04:20
"356",-117.163792,32.719528,"2011-08-19","18:04:32",2011-08-19 18:04:32
"357",-117.163828,32.720832,"2011-08-19","18:04:50",2011-08-19 18:04:50
"358",-117.163877,32.722102,"2011-08-19","18:05:02",2011-08-19 18:05:02
"359",-117.163946,32.723284,"2011-08-19","18:05:12",2011-08-19 18:05:12
"360",-117.164429,32.724403,"2011-08-19","18:05:33",2011-08-19 18:05:33
"361",-117.165912,32.725591,"2011-08-19","18:05:43",2011-08-19 18:05:43
"362",-117.167441,32.727155,"2011-08-19","18:05:53",2011-08-19 18:05:53
"363",-117.169283,32.729165,"2011-08-19","18:06:03",2011-08-19 18:06:03
"364",-117.1714,32.731509,"2011-08-19","18:06:13",2011-08-19 18:06:13
"365",-117.173451,32.733861,"2011-08-19","18:06:23",2011-08-19 18:06:23
"366",-117.175474,32.736193,"2011-08-19","18:06:33",2011-08-19 18:06:33
"367",-117.177444,32.73841,"2011-08-19","18:06:43",2011-08-19 18:06:43
"368",-117.179445,32.740667,"2011-08-19","18:06:53",2011-08-19 18:06:53
"369",-117.182089,32.742414,"2011-08-19","18:07:03",2011-08-19 18:07:03
"370",-117.184993,32.743717,"2011-08-19","18:07:13",2011-08-19 18:07:13
"371",-117.18792,32.745071,"2011-08-19","18:07:23",2011-08-19 18:07:23
"372",-117.190939,32.746491,"2011-08-19","18:07:33",2011-08-19 18:07:33
"373",-117.193931,32.748084,"2011-08-19","18:07:43",2011-08-19 18:07:43
"374",-117.196419,32.750351,"2011-08-19","18:07:53",2011-08-19 18:07:53
"375",-117.198503,32.752634,"2011-08-19","18:08:03",2011-08-19 18:08:03
"376",-117.200925,32.754427,"2011-08-19","18:08:13",2011-08-19 18:08:13
"377",-117.202977,32.756528,"2011-08-19","18:08:23",2011-08-19 18:08:23
"378",-117.203694,32.759149,"2011-08-19","18:08:33",2011-08-19 18:08:33
"379",-117.204288,32.761631,"2011-08-19","18:08:43",2011-08-19 18:08:43
"380",-117.204888,32.76397,"2011-08-19","18:08:53",2011-08-19 18:08:53
"381",-117.205415,32.766159,"2011-08-19","18:09:03",2011-08-19 18:09:03
"382",-117.205781,32.768117,"2011-08-19","18:09:13",2011-08-19 18:09:13
"383",-117.205849,32.769624,"2011-08-19","18:09:23",2011-08-19 18:09:23
"384",-117.205818,32.769927,"2011-08-19","18:10:06",2011-08-19 18:10:06
"385",-117.206336,32.770194,"2011-08-19","18:10:32",2011-08-19 18:10:32
"386",-117.207149,32.769757,"2011-08-19","18:10:56",2011-08-19 18:10:56
"387",-117.208066,32.76913,"2011-08-19","18:11:15",2011-08-19 18:11:15
"388",-117.208752,32.767562,"2011-08-19","18:11:25",2011-08-19 18:11:25
"389",-117.208744,32.765697,"2011-08-19","18:11:35",2011-08-19 18:11:35
"390",-117.209371,32.763945,"2011-08-19","18:11:45",2011-08-19 18:11:45
"391",-117.210907,32.762558,"2011-08-19","18:11:55",2011-08-19 18:11:55
"392",-117.212989,32.761937,"2011-08-19","18:12:05",2011-08-19 18:12:05
"393",-117.215198,32.761691,"2011-08-19","18:12:15",2011-08-19 18:12:15
"394",-117.217531,32.761427,"2011-08-19","18:12:25",2011-08-19 18:12:25
"395",-117.219786,32.761183,"2011-08-19","18:12:35",2011-08-19 18:12:35
"396",-117.221885,32.761046,"2011-08-19","18:12:45",2011-08-19 18:12:45
"397",-117.223383,32.761262,"2011-08-19","18:13:00",2011-08-19 18:13:00
"398",-117.224902,32.761517,"2011-08-19","18:13:14",2011-08-19 18:13:14
"399",-117.226206,32.761946,"2011-08-19","18:13:24",2011-08-19 18:13:24
"400",-117.227696,32.762342,"2011-08-19","18:13:34",2011-08-19 18:13:34
"401",-117.229387,32.762289,"2011-08-19","18:13:44",2011-08-19 18:13:44
"402",-117.23079,32.762389,"2011-08-19","18:13:54",2011-08-19 18:13:54
"403",-117.230765,32.76298,"2011-08-19","18:14:25",2011-08-19 18:14:25
"404",-117.230742,32.762998,"2011-08-19","18:15:13",2011-08-19 18:15:13
"405",-117.229635,32.762658,"2011-08-19","18:15:37",2011-08-19 18:15:37
"406",-117.228207,32.762588,"2011-08-19","18:15:59",2011-08-19 18:15:59
"407",-117.226987,32.762592,"2011-08-19","18:16:28",2011-08-19 18:16:28
"408",-117.22602,32.762195,"2011-08-19","18:17:04",2011-08-19 18:17:04
"409",-117.22501,32.761836,"2011-08-19","18:17:37",2011-08-19 18:17:37
"410",-117.223857,32.761829,"2011-08-19","18:18:19",2011-08-19 18:18:19
"411",-117.223437,32.761777,"2011-08-19","18:19:06",2011-08-19 18:19:06
"412",-117.223401,32.76178,"2011-08-20","02:14:39",2011-08-20 02:14:39
"413",-117.223038,32.761489,"2011-08-20","02:15:23",2011-08-20 02:15:23
"414",-117.22396,32.761887,"2011-08-20","02:15:45",2011-08-20 02:15:45
"415",-117.224085,32.762133,"2011-08-20","02:16:17",2011-08-20 02:16:17
"416",-117.224721,32.76153,"2011-08-20","02:16:40",2011-08-20 02:16:40
"417",-117.226283,32.761778,"2011-08-20","02:16:50",2011-08-20 02:16:50
"418",-117.228075,32.762008,"2011-08-20","02:17:00",2011-08-20 02:17:00
"419",-117.229741,32.761667,"2011-08-20","02:17:10",2011-08-20 02:17:10
"420",-117.231065,32.761105,"2011-08-20","02:17:22",2011-08-20 02:17:22
"421",-117.231535,32.761889,"2011-08-20","02:17:37",2011-08-20 02:17:37
"422",-117.23018,32.761385,"2011-08-20","02:17:48",2011-08-20 02:17:48
"423",-117.228241,32.760144,"2011-08-20","02:17:58",2011-08-20 02:17:58
"424",-117.226356,32.758992,"2011-08-20","02:18:08",2011-08-20 02:18:08
"425",-117.225239,32.758326,"2011-08-20","02:18:26",2011-08-20 02:18:26
"426",-117.224129,32.757603,"2011-08-20","02:18:39",2011-08-20 02:18:39
"427",-117.223009,32.756828,"2011-08-20","02:18:49",2011-08-20 02:18:49
"428",-117.222922,32.755876,"2011-08-20","02:19:03",2011-08-20 02:19:03
"429",-117.223629,32.756477,"2011-08-20","02:19:13",2011-08-20 02:19:13
"430",-117.222044,32.756803,"2011-08-20","02:19:23",2011-08-20 02:19:23
"431",-117.219478,32.757158,"2011-08-20","02:19:33",2011-08-20 02:19:33
"432",-117.216448,32.757851,"2011-08-20","02:19:43",2011-08-20 02:19:43
"433",-117.213541,32.758386,"2011-08-20","02:19:53",2011-08-20 02:19:53
"434",-117.210752,32.758703,"2011-08-20","02:20:03",2011-08-20 02:20:03
"435",-117.208313,32.758918,"2011-08-20","02:20:13",2011-08-20 02:20:13
"436",-117.205752,32.758999,"2011-08-20","02:20:23",2011-08-20 02:20:23
"437",-117.203693,32.757833,"2011-08-20","02:20:33",2011-08-20 02:20:33
"438",-117.202826,32.755892,"2011-08-20","02:20:43",2011-08-20 02:20:43
"439",-117.200867,32.754093,"2011-08-20","02:20:53",2011-08-20 02:20:53
"440",-117.198466,32.752352,"2011-08-20","02:21:03",2011-08-20 02:21:03
"441",-117.196401,32.750084,"2011-08-20","02:21:13",2011-08-20 02:21:13
"442",-117.19397,32.747881,"2011-08-20","02:21:23",2011-08-20 02:21:23
"443",-117.190975,32.746318,"2011-08-20","02:21:33",2011-08-20 02:21:33
"444",-117.188087,32.744991,"2011-08-20","02:21:43",2011-08-20 02:21:43
"445",-117.185163,32.743638,"2011-08-20","02:21:53",2011-08-20 02:21:53
"446",-117.182087,32.742213,"2011-08-20","02:22:03",2011-08-20 02:22:03
"447",-117.179472,32.740519,"2011-08-20","02:22:13",2011-08-20 02:22:13
"448",-117.177406,32.73814,"2011-08-20","02:22:23",2011-08-20 02:22:23
"449",-117.175373,32.735774,"2011-08-20","02:22:33",2011-08-20 02:22:33
"450",-117.173448,32.733564,"2011-08-20","02:22:43",2011-08-20 02:22:43
"451",-117.171748,32.731601,"2011-08-20","02:22:53",2011-08-20 02:22:53
"452",-117.170252,32.729817,"2011-08-20","02:23:03",2011-08-20 02:23:03
"453",-117.168777,32.728104,"2011-08-20","02:23:13",2011-08-20 02:23:13
"454",-117.167587,32.726656,"2011-08-20","02:23:23",2011-08-20 02:23:23
"455",-117.166616,32.725304,"2011-08-20","02:23:33",2011-08-20 02:23:33
"456",-117.165362,32.724015,"2011-08-20","02:23:43",2011-08-20 02:23:43
"457",-117.164724,32.722724,"2011-08-20","02:23:53",2011-08-20 02:23:53
"458",-117.164717,32.721289,"2011-08-20","02:24:03",2011-08-20 02:24:03
"459",-117.164733,32.720187,"2011-08-20","02:24:16",2011-08-20 02:24:16
"460",-117.164746,32.719112,"2011-08-20","02:24:26",2011-08-20 02:24:26
"461",-117.16471,32.718047,"2011-08-20","02:24:36",2011-08-20 02:24:36
"462",-117.164736,32.717016,"2011-08-20","02:24:47",2011-08-20 02:24:47
"463",-117.164771,32.716806,"2011-08-20","02:25:29",2011-08-20 02:25:29
"464",-117.164757,32.715605,"2011-08-20","02:25:43",2011-08-20 02:25:43
"465",-117.164704,32.714419,"2011-08-20","02:25:53",2011-08-20 02:25:53
"466",-117.164673,32.713193,"2011-08-20","02:26:03",2011-08-20 02:26:03
"467",-117.164592,32.712072,"2011-08-20","02:26:14",2011-08-20 02:26:14
"468",-117.165313,32.711487,"2011-08-20","02:26:48",2011-08-20 02:26:48
"469",-117.166841,32.711556,"2011-08-20","02:26:58",2011-08-20 02:26:58
"470",-117.168112,32.711348,"2011-08-20","02:27:18",2011-08-20 02:27:18
"471",-117.168385,32.710875,"2011-08-20","02:27:53",2011-08-20 02:27:53
"472",-117.16703,32.713382,"2011-08-20","03:09:45",2011-08-20 03:09:45
"473",-117.166634,32.71193,"2011-08-20","03:10:10",2011-08-20 03:10:10
"474",-117.165865,32.711417,"2011-08-20","03:10:48",2011-08-20 03:10:48
"475",-117.164992,32.711599,"2011-08-20","03:11:35",2011-08-20 03:11:35
"476",-117.164399,32.711687,"2011-08-20","03:12:21",2011-08-20 03:12:21
"477",-117.163835,32.711351,"2011-08-20","03:13:08",2011-08-20 03:13:08
"478",-117.163318,32.711408,"2011-08-20","03:13:52",2011-08-20 03:13:52
"479",-117.162544,32.711563,"2011-08-20","03:14:34",2011-08-20 03:14:34
"480",-117.16193,32.711435,"2011-08-20","03:15:22",2011-08-20 03:15:22
"481",-117.16127,32.711596,"2011-08-20","03:16:09",2011-08-20 03:16:09
"482",-117.161186,32.712197,"2011-08-20","03:16:58",2011-08-20 03:16:58
"483",-117.161125,32.712812,"2011-08-20","03:17:47",2011-08-20 03:17:47
"484",-117.161143,32.713429,"2011-08-20","03:18:37",2011-08-20 03:18:37
"485",-117.161112,32.71405,"2011-08-20","03:19:25",2011-08-20 03:19:25
"486",-117.161307,32.71462,"2011-08-20","03:20:14",2011-08-20 03:20:14
"487",-117.162117,32.714581,"2011-08-20","03:20:51",2011-08-20 03:20:51
"488",-117.162225,32.714577,"2011-08-20","03:21:39",2011-08-20 03:21:39
"489",-117.161907,32.714485,"2011-08-20","03:22:22",2011-08-20 03:22:22
"490",-117.162099,32.714037,"2011-08-20","03:23:05",2011-08-20 03:23:05
"491",-117.16281,32.713755,"2011-08-20","03:23:51",2011-08-20 03:23:51
"492",-117.16331,32.713736,"2011-08-20","03:24:41",2011-08-20 03:24:41
"493",-117.163179,32.713724,"2011-08-20","03:25:21",2011-08-20 03:25:21
"494",-117.160987,32.712248,"2011-08-20","04:16:11",2011-08-20 04:16:11
"495",-117.161117,32.711803,"2011-08-20","04:17:02",2011-08-20 04:17:02
"496",-117.161397,32.711486,"2011-08-20","04:17:52",2011-08-20 04:17:52
"497",-117.161923,32.711405,"2011-08-20","04:18:38",2011-08-20 04:18:38
"498",-117.162422,32.711429,"2011-08-20","04:19:22",2011-08-20 04:19:22
"499",-117.163082,32.711522,"2011-08-20","04:20:08",2011-08-20 04:20:08
"500",-117.163536,32.711732,"2011-08-20","04:20:57",2011-08-20 04:20:57
"501",-117.161703,32.712316,"2011-08-20","05:12:50",2011-08-20 05:12:50
"502",-117.161665,32.711802,"2011-08-20","05:13:40",2011-08-20 05:13:40
"503",-117.161937,32.711599,"2011-08-20","05:14:22",2011-08-20 05:14:22
"504",-117.162177,32.711463,"2011-08-20","05:14:50",2011-08-20 05:14:50
"505",-117.162686,32.711525,"2011-08-20","05:15:13",2011-08-20 05:15:13
"506",-117.163395,32.711583,"2011-08-20","05:15:43",2011-08-20 05:15:43
"507",-117.163971,32.711564,"2011-08-20","05:16:22",2011-08-20 05:16:22
"508",-117.164324,32.711484,"2011-08-20","05:17:07",2011-08-20 05:17:07
"509",-117.164726,32.71147,"2011-08-20","05:17:57",2011-08-20 05:17:57
"510",-117.164998,32.711495,"2011-08-20","05:18:36",2011-08-20 05:18:36
"511",-117.165707,32.711463,"2011-08-20","05:19:23",2011-08-20 05:19:23
"512",-117.166192,32.711505,"2011-08-20","05:20:12",2011-08-20 05:20:12
"513",-117.166745,32.711527,"2011-08-20","05:20:57",2011-08-20 05:20:57
"514",-117.167483,32.711426,"2011-08-20","05:21:42",2011-08-20 05:21:42
"515",-117.168088,32.711143,"2011-08-20","05:22:22",2011-08-20 05:22:22
"516",-117.168625,32.710734,"2011-08-20","05:22:59",2011-08-20 05:22:59
"517",-117.169124,32.710612,"2011-08-20","05:23:49",2011-08-20 05:23:49
"518",-117.161445,32.707856,"2011-08-20","05:26:34",2011-08-20 05:26:34
"519",-117.170194,32.708658,"2011-08-20","20:13:29",2011-08-20 20:13:29
"520",-117.17042,32.708604,"2011-08-20","20:14:19",2011-08-20 20:14:19
"521",-117.17056,32.708569,"2011-08-20","20:14:59",2011-08-20 20:14:59
"522",-117.170628,32.708548,"2011-08-20","20:15:39",2011-08-20 20:15:39
"523",-117.170815,32.708534,"2011-08-20","20:16:22",2011-08-20 20:16:22
"524",-117.170808,32.708514,"2011-08-20","20:17:04",2011-08-20 20:17:04
"525",-117.170955,32.708511,"2011-08-20","20:17:49",2011-08-20 20:17:49
"526",-117.171467,32.708669,"2011-08-20","20:18:39",2011-08-20 20:18:39
"527",-117.171749,32.708977,"2011-08-20","20:19:29",2011-08-20 20:19:29
"528",-117.17188,32.709084,"2011-08-20","20:20:14",2011-08-20 20:20:14
"529",-117.171869,32.709102,"2011-08-20","20:20:59",2011-08-20 20:20:59
"530",-117.171925,32.709092,"2011-08-20","20:21:44",2011-08-20 20:21:44
"531",-117.172064,32.709524,"2011-08-20","20:29:14",2011-08-20 20:29:14
"532",-117.172607,32.709367,"2011-08-20","20:30:04",2011-08-20 20:30:04
"533",-117.172728,32.709306,"2011-08-20","20:30:44",2011-08-20 20:30:44
"534",-117.172947,32.709234,"2011-08-20","20:31:27",2011-08-20 20:31:27
"535",-117.172971,32.709246,"2011-08-20","20:32:07",2011-08-20 20:32:07
"536",-117.172961,32.709238,"2011-08-20","20:32:54",2011-08-20 20:32:54
"537",-117.172983,32.709247,"2011-08-20","20:33:34",2011-08-20 20:33:34
"538",-117.172985,32.709236,"2011-08-20","20:34:24",2011-08-20 20:34:24
"539",-117.172948,32.709252,"2011-08-20","20:35:09",2011-08-20 20:35:09
"540",-117.172626,32.709423,"2011-08-20","20:35:54",2011-08-20 20:35:54
"541",-117.172149,32.709619,"2011-08-20","20:36:44",2011-08-20 20:36:44
"542",-117.172297,32.709945,"2011-08-20","20:37:29",2011-08-20 20:37:29
"543",-117.172547,32.710518,"2011-08-20","20:38:19",2011-08-20 20:38:19
"544",-117.172817,32.711135,"2011-08-20","20:39:09",2011-08-20 20:39:09
"545",-117.173014,32.711639,"2011-08-20","20:39:59",2011-08-20 20:39:59
"546",-117.173248,32.712166,"2011-08-20","20:40:49",2011-08-20 20:40:49
"547",-117.173527,32.712615,"2011-08-20","20:41:39",2011-08-20 20:41:39
"548",-117.173961,32.712633,"2011-08-20","20:47:54",2011-08-20 20:47:54
"549",-117.174107,32.712739,"2011-08-20","20:48:39",2011-08-20 20:48:39
"550",-117.17423,32.712813,"2011-08-20","20:49:19",2011-08-20 20:49:19
"551",-117.17458,32.71306,"2011-08-20","20:50:09",2011-08-20 20:50:09
"552",-117.174687,32.713083,"2011-08-20","20:50:54",2011-08-20 20:50:54
"553",-117.174821,32.71309,"2011-08-20","20:51:37",2011-08-20 20:51:37
"554",-117.17502,32.712866,"2011-08-20","20:52:24",2011-08-20 20:52:24
"555",-117.175138,32.71278,"2011-08-20","20:53:09",2011-08-20 20:53:09
"556",-117.175523,32.712896,"2011-08-20","20:58:04",2011-08-20 20:58:04
"557",-117.175478,32.712896,"2011-08-20","20:58:49",2011-08-20 20:58:49
"558",-117.175614,32.712819,"2011-08-20","20:59:29",2011-08-20 20:59:29
"559",-117.175797,32.712795,"2011-08-20","21:00:14",2011-08-20 21:00:14
"560",-117.17577,32.712751,"2011-08-20","21:00:54",2011-08-20 21:00:54
"561",-117.175186,32.712768,"2011-08-20","21:12:29",2011-08-20 21:12:29
"562",-117.174641,32.712805,"2011-08-20","21:13:19",2011-08-20 21:13:19
"563",-117.17398,32.712638,"2011-08-20","21:14:09",2011-08-20 21:14:09
"564",-117.173529,32.712899,"2011-08-20","21:14:59",2011-08-20 21:14:59
"565",-117.173415,32.71339,"2011-08-20","21:15:49",2011-08-20 21:15:49
"566",-117.173418,32.714014,"2011-08-20","21:16:39",2011-08-20 21:16:39
"567",-117.173414,32.71416,"2011-08-20","21:17:24",2011-08-20 21:17:24
"568",-117.173425,32.714565,"2011-08-20","21:18:14",2011-08-20 21:18:14
"569",-117.173359,32.71499,"2011-08-20","21:19:04",2011-08-20 21:19:04
"570",-117.173382,32.715485,"2011-08-20","21:19:54",2011-08-20 21:19:54
"571",-117.173389,32.715816,"2011-08-20","21:20:44",2011-08-20 21:20:44
"572",-117.173465,32.715403,"2011-08-20","21:21:34",2011-08-20 21:21:34
"573",-117.173464,32.715402,"2011-08-20","21:22:22",2011-08-20 21:22:22
"574",-117.173796,32.715659,"2011-08-20","21:23:09",2011-08-20 21:23:09
"575",-117.174015,32.715679,"2011-08-20","21:23:54",2011-08-20 21:23:54
"576",-117.174113,32.715881,"2011-08-20","21:24:44",2011-08-20 21:24:44
"577",-117.174655,32.715694,"2011-08-20","21:25:34",2011-08-20 21:25:34
"578",-117.17525,32.715554,"2011-08-20","21:33:10",2011-08-20 21:33:10
"579",-117.175663,32.715571,"2011-08-20","21:34:00",2011-08-20 21:34:00
"580",-117.176219,32.71562,"2011-08-20","21:34:50",2011-08-20 21:34:50
"581",-117.176403,32.715678,"2011-08-20","21:35:30",2011-08-20 21:35:30
"582",-117.176683,32.715825,"2011-08-20","21:36:20",2011-08-20 21:36:20
"583",-117.176683,32.715828,"2011-08-20","21:37:10",2011-08-20 21:37:10
"584",-117.176685,32.715831,"2011-08-20","21:38:00",2011-08-20 21:38:00
"585",-117.176713,32.715834,"2011-08-20","21:38:40",2011-08-20 21:38:40
"586",-117.176238,32.715568,"2011-08-20","21:39:30",2011-08-20 21:39:30
"587",-117.175662,32.715554,"2011-08-20","21:40:20",2011-08-20 21:40:20
"588",-117.175028,32.715529,"2011-08-20","21:41:10",2011-08-20 21:41:10
"589",-117.174357,32.715552,"2011-08-20","21:42:00",2011-08-20 21:42:00
"590",-117.173661,32.715553,"2011-08-20","21:42:50",2011-08-20 21:42:50
"591",-117.173443,32.715175,"2011-08-20","21:43:40",2011-08-20 21:43:40
"592",-117.173451,32.714707,"2011-08-20","21:44:30",2011-08-20 21:44:30
"593",-117.17336,32.714062,"2011-08-20","21:45:18",2011-08-20 21:45:18
"594",-117.173446,32.713587,"2011-08-20","21:46:08",2011-08-20 21:46:08
"595",-117.173513,32.71306,"2011-08-20","21:46:58",2011-08-20 21:46:58
"596",-117.173418,32.712712,"2011-08-20","21:47:48",2011-08-20 21:47:48
"597",-117.173415,32.712553,"2011-08-20","21:48:38",2011-08-20 21:48:38
"598",-117.173374,32.712745,"2011-08-20","21:49:23",2011-08-20 21:49:23
"599",-117.173493,32.713277,"2011-08-20","21:50:13",2011-08-20 21:50:13
"600",-117.173343,32.713825,"2011-08-20","21:51:03",2011-08-20 21:51:03
"601",-117.17356,32.714026,"2011-08-20","21:51:53",2011-08-20 21:51:53
"602",-117.174385,32.714334,"2011-08-20","21:52:43",2011-08-20 21:52:43
"603",-117.174845,32.714443,"2011-08-20","21:53:25",2011-08-20 21:53:25
"604",-117.175063,32.714367,"2011-08-20","21:54:09",2011-08-20 21:54:09
"605",-117.175121,32.714354,"2011-08-20","21:54:52",2011-08-20 21:54:52
"606",-117.175281,32.714334,"2011-08-20","21:55:34",2011-08-20 21:55:34
"607",-117.175382,32.714336,"2011-08-20","21:56:14",2011-08-20 21:56:14
"608",-117.175425,32.714262,"2011-08-20","21:56:59",2011-08-20 21:56:59
"609",-117.175441,32.714161,"2011-08-20","21:57:49",2011-08-20 21:57:49
"610",-117.175601,32.714223,"2011-08-20","21:58:34",2011-08-20 21:58:34
"611",-117.175772,32.714352,"2011-08-20","21:59:23",2011-08-20 21:59:23
"612",-117.175768,32.714436,"2011-08-20","22:00:03",2011-08-20 22:00:03
"613",-117.175629,32.714408,"2011-08-20","22:00:48",2011-08-20 22:00:48
"614",-117.175128,32.71424,"2011-08-20","22:01:38",2011-08-20 22:01:38
"615",-117.174608,32.714285,"2011-08-20","22:02:23",2011-08-20 22:02:23
"616",-117.17464,32.714317,"2011-08-20","22:03:13",2011-08-20 22:03:13
"617",-117.174668,32.714301,"2011-08-20","22:03:53",2011-08-20 22:03:53
"618",-117.174598,32.714042,"2011-08-20","22:04:38",2011-08-20 22:04:38
"619",-117.174593,32.714027,"2011-08-20","22:05:23",2011-08-20 22:05:23
"620",-117.174354,32.713768,"2011-08-20","22:06:08",2011-08-20 22:06:08
"621",-117.174335,32.713622,"2011-08-20","22:06:48",2011-08-20 22:06:48
"622",-117.174203,32.713672,"2011-08-20","22:11:49",2011-08-20 22:11:49
"623",-117.174026,32.713962,"2011-08-20","22:12:37",2011-08-20 22:12:37
"624",-117.174045,32.713896,"2011-08-20","22:13:17",2011-08-20 22:13:17
"625",-117.17404,32.713831,"2011-08-20","22:13:57",2011-08-20 22:13:57
"626",-117.174075,32.713776,"2011-08-20","22:14:42",2011-08-20 22:14:42
"627",-117.174053,32.713755,"2011-08-20","22:15:22",2011-08-20 22:15:22
"628",-117.174013,32.713728,"2011-08-20","22:16:07",2011-08-20 22:16:07
"629",-117.174335,32.713757,"2011-08-20","22:16:55",2011-08-20 22:16:55
"630",-117.174361,32.713751,"2011-08-20","22:17:40",2011-08-20 22:17:40
"631",-117.174571,32.713823,"2011-08-20","22:18:27",2011-08-20 22:18:27
"632",-117.174623,32.713803,"2011-08-20","22:19:07",2011-08-20 22:19:07
"633",-117.174815,32.713734,"2011-08-20","22:19:52",2011-08-20 22:19:52
"634",-117.174946,32.71374,"2011-08-20","22:20:37",2011-08-20 22:20:37
"635",-117.174979,32.713695,"2011-08-20","22:21:17",2011-08-20 22:21:17
"636",-117.174975,32.713715,"2011-08-20","22:22:00",2011-08-20 22:22:00
"637",-117.175394,32.713679,"2011-08-20","22:22:47",2011-08-20 22:22:47
"638",-117.175788,32.713523,"2011-08-20","22:41:35",2011-08-20 22:41:35
"639",-117.17583,32.713538,"2011-08-20","22:42:20",2011-08-20 22:42:20
"640",-117.176033,32.713826,"2011-08-20","22:43:07",2011-08-20 22:43:07
"641",-117.176291,32.713842,"2011-08-20","22:43:52",2011-08-20 22:43:52
"642",-117.17675,32.713799,"2011-08-20","22:44:40",2011-08-20 22:44:40
"643",-117.176725,32.713789,"2011-08-20","22:45:22",2011-08-20 22:45:22
"644",-117.176734,32.713788,"2011-08-20","22:46:07",2011-08-20 22:46:07
"645",-117.176737,32.713808,"2011-08-20","22:46:57",2011-08-20 22:46:57
"646",-117.176743,32.71381,"2011-08-20","22:47:47",2011-08-20 22:47:47
"647",-117.176744,32.713809,"2011-08-20","22:48:37",2011-08-20 22:48:37
"648",-117.176759,32.713877,"2011-08-20","22:49:22",2011-08-20 22:49:22
"649",-117.176757,32.713872,"2011-08-20","22:50:12",2011-08-20 22:50:12
"650",-117.176757,32.713874,"2011-08-20","22:51:02",2011-08-20 22:51:02
"651",-117.176755,32.713877,"2011-08-20","22:51:52",2011-08-20 22:51:52
"652",-117.176755,32.713879,"2011-08-20","22:52:42",2011-08-20 22:52:42
"653",-117.176754,32.713881,"2011-08-20","22:53:32",2011-08-20 22:53:32
"654",-117.176755,32.713884,"2011-08-20","22:54:22",2011-08-20 22:54:22
"655",-117.176756,32.713884,"2011-08-20","22:55:12",2011-08-20 22:55:12
"656",-117.176758,32.713884,"2011-08-20","22:56:02",2011-08-20 22:56:02
"657",-117.176756,32.713801,"2011-08-20","22:56:47",2011-08-20 22:56:47
"658",-117.17676,32.713857,"2011-08-20","22:57:27",2011-08-20 22:57:27
"659",-117.17674,32.713677,"2011-08-20","22:58:12",2011-08-20 22:58:12
"660",-117.17624,32.7137,"2011-08-20","22:59:02",2011-08-20 22:59:02
"661",-117.175732,32.713903,"2011-08-20","22:59:52",2011-08-20 22:59:52
"662",-117.175449,32.713887,"2011-08-20","23:00:42",2011-08-20 23:00:42
"663",-117.175301,32.713928,"2011-08-20","23:01:20",2011-08-20 23:01:20
"664",-117.175285,32.713681,"2011-08-20","23:02:05",2011-08-20 23:02:05
"665",-117.175485,32.714036,"2011-08-20","23:16:22",2011-08-20 23:16:22
"666",-117.175346,32.713735,"2011-08-20","23:17:12",2011-08-20 23:17:12
"667",-117.175275,32.714074,"2011-08-20","23:21:19",2011-08-20 23:21:19
"668",-117.175443,32.713828,"2011-08-20","23:22:08",2011-08-20 23:22:08
"669",-117.175452,32.713837,"2011-08-20","23:22:56",2011-08-20 23:22:56
"670",-117.175368,32.713793,"2011-08-20","23:23:38",2011-08-20 23:23:38
"671",-117.175359,32.713819,"2011-08-20","23:24:18",2011-08-20 23:24:18
"672",-117.175345,32.714174,"2011-08-20","23:32:38",2011-08-20 23:32:38
"673",-117.175375,32.714001,"2011-08-20","23:33:23",2011-08-20 23:33:23
"674",-117.175434,32.713808,"2011-08-20","23:34:08",2011-08-20 23:34:08
"675",-117.175349,32.713866,"2011-08-20","23:34:50",2011-08-20 23:34:50
"676",-117.175349,32.713844,"2011-08-20","23:35:40",2011-08-20 23:35:40
"677",-117.175065,32.713882,"2011-08-20","23:36:25",2011-08-20 23:36:25
"678",-117.174459,32.713931,"2011-08-20","23:37:15",2011-08-20 23:37:15
"679",-117.173999,32.71394,"2011-08-20","23:38:05",2011-08-20 23:38:05
"680",-117.174043,32.713914,"2011-08-20","23:38:45",2011-08-20 23:38:45
"681",-117.174089,32.713887,"2011-08-20","23:39:25",2011-08-20 23:39:25
"682",-117.174316,32.713948,"2011-08-20","23:40:10",2011-08-20 23:40:10
"683",-117.175136,32.714349,"2011-08-20","23:40:48",2011-08-20 23:40:48
"684",-117.174996,32.71421,"2011-08-20","23:41:32",2011-08-20 23:41:32
"685",-117.175013,32.714143,"2011-08-20","23:42:12",2011-08-20 23:42:12
"686",-117.174652,32.71418,"2011-08-20","23:42:56",2011-08-20 23:42:56
"687",-117.174271,32.714108,"2011-08-20","23:43:46",2011-08-20 23:43:46
"688",-117.173613,32.71397,"2011-08-20","23:44:35",2011-08-20 23:44:35
"689",-117.173414,32.713362,"2011-08-20","23:45:25",2011-08-20 23:45:25
"690",-117.173417,32.713042,"2011-08-20","23:46:10",2011-08-20 23:46:10
"691",-117.173366,32.712474,"2011-08-20","23:47:00",2011-08-20 23:47:00
"692",-117.173135,32.711934,"2011-08-20","23:47:50",2011-08-20 23:47:50
"693",-117.172868,32.711378,"2011-08-20","23:48:40",2011-08-20 23:48:40
"694",-117.172596,32.710745,"2011-08-20","23:49:30",2011-08-20 23:49:30
"695",-117.172319,32.71006,"2011-08-20","23:50:20",2011-08-20 23:50:20
"696",-117.172051,32.709485,"2011-08-20","23:51:10",2011-08-20 23:51:10
"697",-117.171709,32.708928,"2011-08-20","23:52:00",2011-08-20 23:52:00
"698",-117.171193,32.708551,"2011-08-20","23:52:50",2011-08-20 23:52:50
"699",-117.170465,32.708529,"2011-08-20","23:53:40",2011-08-20 23:53:40
"700",-117.169846,32.708374,"2011-08-20","23:54:30",2011-08-20 23:54:30
"701",-117.169521,32.708764,"2011-08-20","23:55:20",2011-08-20 23:55:20
"702",-117.169342,32.709406,"2011-08-20","23:56:10",2011-08-20 23:56:10
"703",-117.169173,32.709996,"2011-08-20","23:57:00",2011-08-20 23:57:00
"704",-117.169113,32.710366,"2011-08-20","23:57:50",2011-08-20 23:57:50
"705",-117.168608,32.710321,"2011-08-20","23:59:51",2011-08-20 23:59:51
"706",-117.168845,32.710266,"2011-08-21","00:00:24",2011-08-21 00:00:24
"707",-117.168419,32.710612,"2011-08-21","00:33:35",2011-08-21 00:33:35
"708",-117.168331,32.710788,"2011-08-21","00:34:20",2011-08-21 00:34:20
"709",-117.168331,32.710783,"2011-08-21","00:35:10",2011-08-21 00:35:10
"710",-117.167938,32.710804,"2011-08-21","00:35:51",2011-08-21 00:35:51
"711",-117.166903,32.710281,"2011-08-21","00:36:18",2011-08-21 00:36:18
"712",-117.165956,32.709827,"2011-08-21","00:36:47",2011-08-21 00:36:47
"713",-117.16594,32.709827,"2011-08-21","00:37:30",2011-08-21 00:37:30
"714",-117.165624,32.709624,"2011-08-21","00:38:11",2011-08-21 00:38:11
"715",-117.164683,32.70912,"2011-08-21","00:38:40",2011-08-21 00:38:40
"716",-117.163544,32.708529,"2011-08-21","00:38:52",2011-08-21 00:38:52
"717",-117.162428,32.70795,"2011-08-21","00:39:02",2011-08-21 00:39:02
"718",-117.16131,32.707301,"2011-08-21","00:39:16",2011-08-21 00:39:16
"719",-117.161282,32.70729,"2011-08-21","00:39:56",2011-08-21 00:39:56
"720",-117.160484,32.70674,"2011-08-21","00:40:30",2011-08-21 00:40:30
"721",-117.159234,32.706084,"2011-08-21","00:40:40",2011-08-21 00:40:40
"722",-117.158102,32.705291,"2011-08-21","00:40:52",2011-08-21 00:40:52
"723",-117.157684,32.705017,"2011-08-21","00:41:30",2011-08-21 00:41:30
"724",-117.156533,32.70423,"2011-08-21","00:41:40",2011-08-21 00:41:40
"725",-117.155,32.703287,"2011-08-21","00:41:50",2011-08-21 00:41:50
"726",-117.153234,32.70213,"2011-08-21","00:42:00",2011-08-21 00:42:00
"727",-117.15131,32.700851,"2011-08-21","00:42:10",2011-08-21 00:42:10
"728",-117.145025,32.700651,"2011-08-21","00:43:38",2011-08-21 00:43:38
"729",-117.144064,32.701262,"2011-08-21","00:43:55",2011-08-21 00:43:55
"730",-117.143716,32.70009,"2011-08-21","00:44:06",2011-08-21 00:44:06
"731",-117.144065,32.700054,"2011-08-21","02:07:18",2011-08-21 02:07:18
"732",-117.144858,32.700595,"2011-08-21","02:07:41",2011-08-21 02:07:41
"733",-117.145335,32.700458,"2011-08-21","02:08:16",2011-08-21 02:08:16
"734",-117.149758,32.700018,"2011-08-21","02:09:11",2011-08-21 02:09:11
"735",-117.151627,32.701264,"2011-08-21","02:09:21",2011-08-21 02:09:21
"736",-117.153625,32.702552,"2011-08-21","02:09:31",2011-08-21 02:09:31
"737",-117.15532,32.703663,"2011-08-21","02:09:41",2011-08-21 02:09:41
"738",-117.156961,32.704708,"2011-08-21","02:09:51",2011-08-21 02:09:51
"739",-117.158472,32.705741,"2011-08-21","02:10:01",2011-08-21 02:10:01
"740",-117.159607,32.706497,"2011-08-21","02:10:22",2011-08-21 02:10:22
"741",-117.160733,32.707117,"2011-08-21","02:10:37",2011-08-21 02:10:37
"742",-117.162148,32.707956,"2011-08-21","02:10:47",2011-08-21 02:10:47
"743",-117.163514,32.708645,"2011-08-21","02:10:58",2011-08-21 02:10:58
"744",-117.164734,32.709267,"2011-08-21","02:11:23",2011-08-21 02:11:23
"745",-117.166108,32.710044,"2011-08-21","02:11:33",2011-08-21 02:11:33
"746",-117.167384,32.710699,"2011-08-21","02:11:43",2011-08-21 02:11:43
"747",-117.167975,32.710998,"2011-08-21","02:12:21",2011-08-21 02:12:21
"748",-117.167988,32.711003,"2011-08-21","02:13:06",2011-08-21 02:13:06
"749",-117.168035,32.710412,"2011-08-21","02:13:37",2011-08-21 02:13:37
"750",-117.16713,32.710073,"2011-08-21","02:17:10",2011-08-21 02:17:10
"751",-117.167025,32.709932,"2011-08-21","02:17:41",2011-08-21 02:17:41
"752",-117.169843,32.710899,"2011-08-21","02:44:51",2011-08-21 02:44:51
"753",-117.168484,32.710936,"2011-08-21","02:45:23",2011-08-21 02:45:23
"754",-117.168221,32.710894,"2011-08-21","02:46:12",2011-08-21 02:46:12
"755",-117.168178,32.711018,"2011-08-21","02:46:57",2011-08-21 02:46:57
"756",-117.167616,32.711352,"2011-08-21","02:47:47",2011-08-21 02:47:47
"757",-117.167024,32.711546,"2011-08-21","02:48:37",2011-08-21 02:48:37
"758",-117.16634,32.711659,"2011-08-21","02:49:27",2011-08-21 02:49:27
"759",-117.165775,32.711691,"2011-08-21","02:50:13",2011-08-21 02:50:13
"760",-117.165253,32.711723,"2011-08-21","02:50:53",2011-08-21 02:50:53
"761",-117.165053,32.71178,"2011-08-21","02:51:38",2011-08-21 02:51:38
"762",-117.164364,32.711809,"2011-08-21","02:52:26",2011-08-21 02:52:26
"763",-117.163893,32.711622,"2011-08-21","02:53:07",2011-08-21 02:53:07
"764",-117.163447,32.711748,"2011-08-21","02:53:57",2011-08-21 02:53:57
"765",-117.162732,32.711615,"2011-08-21","02:54:41",2011-08-21 02:54:41
"766",-117.161945,32.711467,"2011-08-21","02:55:27",2011-08-21 02:55:27
"767",-117.161359,32.711571,"2011-08-21","02:56:15",2011-08-21 02:56:15
"768",-117.161195,32.712224,"2011-08-21","02:57:04",2011-08-21 02:57:04
"769",-117.161209,32.712865,"2011-08-21","02:57:54",2011-08-21 02:57:54
"770",-117.161218,32.713507,"2011-08-21","02:58:44",2011-08-21 02:58:44
"771",-117.161255,32.714105,"2011-08-21","02:59:33",2011-08-21 02:59:33
"772",-117.16135,32.714629,"2011-08-21","03:00:20",2011-08-21 03:00:20
"773",-117.16192,32.714774,"2011-08-21","03:01:07",2011-08-21 03:01:07
"774",-117.162146,32.71473,"2011-08-21","03:01:57",2011-08-21 03:01:57
"775",-117.162087,32.714716,"2011-08-21","03:02:37",2011-08-21 03:02:37
"776",-117.161592,32.714357,"2011-08-21","03:03:14",2011-08-21 03:03:14
"777",-117.16239,32.713838,"2011-08-21","03:04:04",2011-08-21 03:04:04
"778",-117.163173,32.713765,"2011-08-21","03:04:51",2011-08-21 03:04:51
"779",-117.163239,32.713694,"2011-08-21","03:05:36",2011-08-21 03:05:36
"780",-117.163038,32.71381,"2011-08-21","03:51:34",2011-08-21 03:51:34
"781",-117.162575,32.71379,"2011-08-21","03:52:23",2011-08-21 03:52:23
"782",-117.162147,32.714142,"2011-08-21","03:53:13",2011-08-21 03:53:13
"783",-117.161811,32.714523,"2011-08-21","03:54:01",2011-08-21 03:54:01
"784",-117.161872,32.714456,"2011-08-21","03:54:46",2011-08-21 03:54:46
"785",-117.161887,32.714454,"2011-08-21","03:55:29",2011-08-21 03:55:29
"786",-117.162165,32.714688,"2011-08-21","03:56:10",2011-08-21 03:56:10
"787",-117.162606,32.714448,"2011-08-21","03:57:00",2011-08-21 03:57:00
"788",-117.160818,32.715188,"2011-08-21","04:10:26",2011-08-21 04:10:26
"789",-117.161002,32.714772,"2011-08-21","04:10:55",2011-08-21 04:10:55
"790",-117.160999,32.714846,"2011-08-21","04:11:35",2011-08-21 04:11:35
"791",-117.160953,32.715188,"2011-08-21","04:12:16",2011-08-21 04:12:16
"792",-117.16103,32.71551,"2011-08-21","04:13:06",2011-08-21 04:13:06
"793",-117.160906,32.716242,"2011-08-21","04:13:49",2011-08-21 04:13:49
"794",-117.161063,32.716655,"2011-08-21","04:14:35",2011-08-21 04:14:35
"795",-117.160311,32.716885,"2011-08-21","04:15:22",2011-08-21 04:15:22
"796",-117.160202,32.716787,"2011-08-21","04:16:07",2011-08-21 04:16:07
"797",-117.160488,32.716587,"2011-08-21","04:16:57",2011-08-21 04:16:57
"798",-117.160295,32.717049,"2011-08-21","04:21:06",2011-08-21 04:21:06
"799",-117.160907,32.716756,"2011-08-21","04:21:53",2011-08-21 04:21:53
"800",-117.161226,32.716041,"2011-08-21","04:22:35",2011-08-21 04:22:35
"801",-117.160933,32.715597,"2011-08-21","04:23:23",2011-08-21 04:23:23
"802",-117.161297,32.714961,"2011-08-21","04:24:11",2011-08-21 04:24:11
"803",-117.161013,32.71443,"2011-08-21","04:25:00",2011-08-21 04:25:00
"804",-117.160882,32.713891,"2011-08-21","04:25:50",2011-08-21 04:25:50
"805",-117.160852,32.713424,"2011-08-21","04:26:40",2011-08-21 04:26:40
"806",-117.160974,32.712774,"2011-08-21","04:27:30",2011-08-21 04:27:30
"807",-117.160991,32.71213,"2011-08-21","04:28:20",2011-08-21 04:28:20
"808",-117.161407,32.711772,"2011-08-21","04:29:10",2011-08-21 04:29:10
"809",-117.16205,32.711389,"2011-08-21","04:29:56",2011-08-21 04:29:56
"810",-117.162721,32.711449,"2011-08-21","04:30:45",2011-08-21 04:30:45
"811",-117.162943,32.712124,"2011-08-21","04:31:35",2011-08-21 04:31:35
"812",-117.163252,32.712688,"2011-08-21","04:32:21",2011-08-21 04:32:21
"813",-117.16342,32.712664,"2011-08-21","04:33:06",2011-08-21 04:33:06
"814",-117.163488,32.712285,"2011-08-21","04:33:45",2011-08-21 04:33:45
"815",-117.163244,32.712316,"2011-08-21","04:39:50",2011-08-21 04:39:50
"816",-117.16318,32.712287,"2011-08-21","04:40:30",2011-08-21 04:40:30
"817",-117.163124,32.712344,"2011-08-21","04:41:13",2011-08-21 04:41:13
"818",-117.163042,32.712304,"2011-08-21","04:42:00",2011-08-21 04:42:00
"819",-117.163154,32.712306,"2011-08-21","04:42:40",2011-08-21 04:42:40
"820",-117.163231,32.712167,"2011-08-21","04:43:23",2011-08-21 04:43:23
"821",-117.163432,32.712574,"2011-08-21","04:44:11",2011-08-21 04:44:11
"822",-117.163099,32.7123,"2011-08-21","04:44:49",2011-08-21 04:44:49
"823",-117.16325,32.712512,"2011-08-21","04:45:34",2011-08-21 04:45:34
"824",-117.16349,32.712162,"2011-08-21","05:06:46",2011-08-21 05:06:46
"825",-117.163276,32.712256,"2011-08-21","05:07:31",2011-08-21 05:07:31
"826",-117.163182,32.71237,"2011-08-21","05:08:16",2011-08-21 05:08:16
"827",-117.163192,32.712346,"2011-08-21","05:08:56",2011-08-21 05:08:56
"828",-117.163175,32.712352,"2011-08-21","05:09:41",2011-08-21 05:09:41
"829",-117.163232,32.712365,"2011-08-21","05:10:26",2011-08-21 05:10:26
"830",-117.163362,32.712374,"2011-08-21","05:11:06",2011-08-21 05:11:06
"831",-117.163433,32.712641,"2011-08-21","05:11:49",2011-08-21 05:11:49
"832",-117.163,32.712609,"2011-08-21","05:12:37",2011-08-21 05:12:37
"833",-117.163504,32.712686,"2011-08-21","05:13:27",2011-08-21 05:13:27
"834",-117.163793,32.711946,"2011-08-21","05:14:09",2011-08-21 05:14:09
"835",-117.163686,32.711611,"2011-08-21","05:14:56",2011-08-21 05:14:56
"836",-117.164285,32.711476,"2011-08-21","05:15:46",2011-08-21 05:15:46
"837",-117.165081,32.711322,"2011-08-21","05:16:30",2011-08-21 05:16:30
"838",-117.165533,32.711015,"2011-08-21","05:17:18",2011-08-21 05:17:18
"839",-117.165988,32.711079,"2011-08-21","05:18:04",2011-08-21 05:18:04
"840",-117.166563,32.711321,"2011-08-21","05:18:44",2011-08-21 05:18:44
"841",-117.167168,32.711344,"2011-08-21","05:19:32",2011-08-21 05:19:32
"842",-117.167867,32.711232,"2011-08-21","05:20:22",2011-08-21 05:20:22
"843",-117.168224,32.711306,"2011-08-21","05:21:07",2011-08-21 05:21:07
"844",-117.168721,32.710664,"2011-08-21","05:21:55",2011-08-21 05:21:55
"845",-117.167589,32.711529,"2011-08-22","19:14:33",2011-08-22 19:14:33
"846",-117.167948,32.711497,"2011-08-22","19:15:03",2011-08-22 19:15:03
"847",-117.168403,32.71102,"2011-08-22","19:15:53",2011-08-22 19:15:53
"848",-117.169222,32.7108,"2011-08-22","19:16:39",2011-08-22 19:16:39
"849",-117.168332,32.710764,"2011-08-23","03:58:35",2011-08-23 03:58:35
"850",-117.168079,32.711035,"2011-08-23","03:59:15",2011-08-23 03:59:15
"851",-117.167247,32.711308,"2011-08-23","04:00:05",2011-08-23 04:00:05
"852",-117.166479,32.711167,"2011-08-23","04:00:54",2011-08-23 04:00:54
"853",-117.165876,32.711037,"2011-08-23","04:01:41",2011-08-23 04:01:41
"854",-117.165284,32.711,"2011-08-23","04:02:23",2011-08-23 04:02:23
"855",-117.16472,32.710769,"2011-08-23","04:03:13",2011-08-23 04:03:13
"856",-117.164103,32.711303,"2011-08-23","04:03:50",2011-08-23 04:03:50
"857",-117.163974,32.711936,"2011-08-23","04:04:30",2011-08-23 04:04:30
"858",-117.163874,32.712302,"2011-08-23","04:05:15",2011-08-23 04:05:15
"859",-117.163612,32.712133,"2011-08-23","04:05:54",2011-08-23 04:05:54
"860",-117.163491,32.712147,"2011-08-23","04:06:36",2011-08-23 04:06:36
"861",-117.163559,32.712102,"2011-08-23","04:07:16",2011-08-23 04:07:16
"862",-117.163427,32.7121,"2011-08-23","04:08:00",2011-08-23 04:08:00
"863",-117.163531,32.712092,"2011-08-23","04:08:45",2011-08-23 04:08:45
"864",-117.163335,32.712288,"2011-08-23","04:09:30",2011-08-23 04:09:30
"865",-117.16335,32.712291,"2011-08-23","04:10:20",2011-08-23 04:10:20
"866",-117.163351,32.712272,"2011-08-23","04:11:00",2011-08-23 04:11:00
"867",-117.163918,32.712113,"2011-08-23","04:53:48",2011-08-23 04:53:48
"868",-117.163773,32.711759,"2011-08-23","04:54:22",2011-08-23 04:54:22
"869",-117.163964,32.711567,"2011-08-23","04:55:12",2011-08-23 04:55:12
"870",-117.164457,32.711423,"2011-08-23","04:56:01",2011-08-23 04:56:01
"871",-117.164795,32.711401,"2011-08-23","04:56:49",2011-08-23 04:56:49
"872",-117.165105,32.711351,"2011-08-23","04:57:33",2011-08-23 04:57:33
"873",-117.165445,32.71138,"2011-08-23","04:58:20",2011-08-23 04:58:20
"874",-117.166331,32.711422,"2011-08-23","04:59:03",2011-08-23 04:59:03
"875",-117.167137,32.711439,"2011-08-23","04:59:53",2011-08-23 04:59:53
"876",-117.16787,32.711264,"2011-08-23","05:00:41",2011-08-23 05:00:41
"877",-117.168143,32.710984,"2011-08-23","05:01:30",2011-08-23 05:01:30
"878",-117.168754,32.710659,"2011-08-23","05:02:07",2011-08-23 05:02:07
"879",-117.168105,32.710598,"2011-08-23","18:09:59",2011-08-23 18:09:59
"880",-117.167653,32.711306,"2011-08-23","18:10:15",2011-08-23 18:10:15
"881",-117.166064,32.711437,"2011-08-23","18:10:32",2011-08-23 18:10:32
"882",-117.164472,32.711466,"2011-08-23","18:10:47",2011-08-23 18:10:47
"883",-117.163135,32.711506,"2011-08-23","18:10:58",2011-08-23 18:10:58
"884",-117.16207,32.711439,"2011-08-23","18:11:27",2011-08-23 18:11:27
"885",-117.161164,32.711457,"2011-08-23","18:11:59",2011-08-23 18:11:59
"886",-117.160503,32.711411,"2011-08-23","18:12:31",2011-08-23 18:12:31
"887",-117.159623,32.711366,"2011-08-23","18:13:04",2011-08-23 18:13:04
"888",-117.158256,32.711393,"2011-08-23","18:13:15",2011-08-23 18:13:15
"889",-117.156624,32.711427,"2011-08-23","18:17:35",2011-08-23 18:17:35
"890",-117.15654,32.712492,"2011-08-23","18:18:00",2011-08-23 18:18:00
"891",-117.15652,32.712592,"2011-08-23","18:18:40",2011-08-23 18:18:40
"892",-117.156472,32.713846,"2011-08-23","18:18:56",2011-08-23 18:18:56
"893",-117.156517,32.714595,"2011-08-23","18:19:31",2011-08-23 18:19:31
"894",-117.156516,32.715482,"2011-08-23","18:19:52",2011-08-23 18:19:52
"895",-117.156479,32.71667,"2011-08-23","18:20:04",2011-08-23 18:20:04
"896",-117.156464,32.717631,"2011-08-23","18:20:37",2011-08-23 18:20:37
"897",-117.156648,32.718641,"2011-08-23","18:20:58",2011-08-23 18:20:58
"898",-117.15529,32.718782,"2011-08-23","18:21:14",2011-08-23 18:21:14
"899",-117.15485,32.719719,"2011-08-23","18:21:25",2011-08-23 18:21:25
"900",-117.154829,32.721235,"2011-08-23","18:21:35",2011-08-23 18:21:35
"901",-117.154994,32.722906,"2011-08-23","18:21:45",2011-08-23 18:21:45
"902",-117.155591,32.724807,"2011-08-23","18:21:55",2011-08-23 18:21:55
"903",-117.155922,32.726746,"2011-08-23","18:22:05",2011-08-23 18:22:05
"904",-117.155266,32.72865,"2011-08-23","18:22:15",2011-08-23 18:22:15
"905",-117.154415,32.730631,"2011-08-23","18:22:25",2011-08-23 18:22:25
"906",-117.154842,32.732805,"2011-08-23","18:22:35",2011-08-23 18:22:35
"907",-117.155784,32.734845,"2011-08-23","18:22:45",2011-08-23 18:22:45
"908",-117.155623,32.736365,"2011-08-23","18:22:55",2011-08-23 18:22:55
"909",-117.154777,32.737357,"2011-08-23","18:23:05",2011-08-23 18:23:05
"910",-117.153543,32.738298,"2011-08-23","18:23:15",2011-08-23 18:23:15
"911",-117.1523,32.739237,"2011-08-23","18:23:25",2011-08-23 18:23:25
"912",-117.151422,32.740281,"2011-08-23","18:23:36",2011-08-23 18:23:36
"913",-117.150717,32.741073,"2011-08-23","18:23:58",2011-08-23 18:23:58
"914",-117.149442,32.741088,"2011-08-23","18:24:08",2011-08-23 18:24:08
"915",-117.147749,32.741098,"2011-08-23","18:24:26",2011-08-23 18:24:26
"916",-117.14764,32.740147,"2011-08-23","18:24:56",2011-08-23 18:24:56
"917",-117.148567,32.739488,"2011-08-23","18:25:07",2011-08-23 18:25:07
"918",-117.148725,32.738296,"2011-08-23","18:25:17",2011-08-23 18:25:17
"919",-117.148889,32.737109,"2011-08-23","18:25:31",2011-08-23 18:25:31
"920",-117.148083,32.73668,"2011-08-23","18:26:04",2011-08-23 18:26:04
"921",-117.146828,32.736671,"2011-08-23","18:26:35",2011-08-23 18:26:35
"922",-117.148733,32.736485,"2011-08-23","22:34:32",2011-08-23 22:34:32
"923",-117.148637,32.736779,"2011-08-23","22:35:17",2011-08-23 22:35:17
"924",-117.147973,32.736586,"2011-08-23","22:36:06",2011-08-23 22:36:06
"925",-117.147154,32.736643,"2011-08-23","22:36:54",2011-08-23 22:36:54
"926",-117.146959,32.736687,"2011-08-23","22:37:39",2011-08-23 22:37:39
"927",-117.146832,32.736734,"2011-08-23","22:38:24",2011-08-23 22:38:24
"928",-117.147248,32.736831,"2011-08-23","22:39:07",2011-08-23 22:39:07
"929",-117.147325,32.737941,"2011-08-23","22:39:32",2011-08-23 22:39:32
"930",-117.14643,32.738004,"2011-08-23","22:39:59",2011-08-23 22:39:59
"931",-117.146545,32.736797,"2011-08-23","22:40:22",2011-08-23 22:40:22
"932",-117.147342,32.736256,"2011-08-23","22:40:48",2011-08-23 22:40:48
"933",-117.146966,32.735282,"2011-08-23","22:41:15",2011-08-23 22:41:15
"934",-117.145942,32.734738,"2011-08-23","22:41:38",2011-08-23 22:41:38
"935",-117.146022,32.733601,"2011-08-23","22:41:48",2011-08-23 22:41:48
"936",-117.146143,32.732371,"2011-08-23","22:41:58",2011-08-23 22:41:58
"937",-117.146244,32.731303,"2011-08-23","22:42:08",2011-08-23 22:42:08
"938",-117.146337,32.730171,"2011-08-23","22:42:18",2011-08-23 22:42:18
"939",-117.146512,32.728913,"2011-08-23","22:42:28",2011-08-23 22:42:28
"940",-117.14707,32.728051,"2011-08-23","22:42:38",2011-08-23 22:42:38
"941",-117.148052,32.727479,"2011-08-23","22:42:54",2011-08-23 22:42:54
"942",-117.149147,32.72706,"2011-08-23","22:43:16",2011-08-23 22:43:16
"943",-117.150236,32.726221,"2011-08-23","22:43:26",2011-08-23 22:43:26
"944",-117.150791,32.725166,"2011-08-23","22:43:49",2011-08-23 22:43:49
"945",-117.151467,32.723898,"2011-08-23","22:43:59",2011-08-23 22:43:59
"946",-117.152121,32.722687,"2011-08-23","22:44:10",2011-08-23 22:44:10
"947",-117.152487,32.722263,"2011-08-23","22:44:48",2011-08-23 22:44:48
"948",-117.153511,32.721172,"2011-08-23","22:44:59",2011-08-23 22:44:59
"949",-117.153931,32.719863,"2011-08-23","22:45:09",2011-08-23 22:45:09
"950",-117.153853,32.718981,"2011-08-23","22:45:31",2011-08-23 22:45:31
"951",-117.153798,32.718426,"2011-08-23","22:46:07",2011-08-23 22:46:07
"952",-117.154365,32.717842,"2011-08-23","22:46:43",2011-08-23 22:46:43
"953",-117.155146,32.717828,"2011-08-23","22:47:16",2011-08-23 22:47:16
"954",-117.155575,32.717895,"2011-08-23","22:47:50",2011-08-23 22:47:50
"955",-117.155791,32.717309,"2011-08-23","22:48:21",2011-08-23 22:48:21
"956",-117.15568,32.716576,"2011-08-23","22:48:59",2011-08-23 22:48:59
"957",-117.155655,32.71534,"2011-08-23","22:49:16",2011-08-23 22:49:16
"958",-117.155611,32.714356,"2011-08-23","22:49:26",2011-08-23 22:49:26
"959",-117.155609,32.713102,"2011-08-23","22:49:40",2011-08-23 22:49:40
"960",-117.155545,32.711993,"2011-08-23","22:49:52",2011-08-23 22:49:52
"961",-117.156561,32.711574,"2011-08-23","22:50:16",2011-08-23 22:50:16
"962",-117.157878,32.711625,"2011-08-23","22:50:28",2011-08-23 22:50:28
"963",-117.158148,32.711746,"2011-08-23","22:51:09",2011-08-23 22:51:09
"964",-117.159558,32.711642,"2011-08-23","22:51:34",2011-08-23 22:51:34
"965",-117.160776,32.711629,"2011-08-23","22:52:03",2011-08-23 22:52:03
"966",-117.161794,32.711552,"2011-08-23","22:52:22",2011-08-23 22:52:22
"967",-117.162685,32.711465,"2011-08-23","22:52:55",2011-08-23 22:52:55
"968",-117.164065,32.711523,"2011-08-23","22:53:25",2011-08-23 22:53:25
"969",-117.165483,32.711495,"2011-08-23","22:53:45",2011-08-23 22:53:45
"970",-117.166921,32.711433,"2011-08-23","22:53:58",2011-08-23 22:53:58
"971",-117.168125,32.711252,"2011-08-23","22:54:23",2011-08-23 22:54:23
"972",-117.168222,32.710387,"2011-08-23","22:54:50",2011-08-23 22:54:50
"973",-117.168112,32.710801,"2011-08-23","23:01:57",2011-08-23 23:01:57
"974",-117.168198,32.710817,"2011-08-23","23:02:45",2011-08-23 23:02:45
"975",-117.168018,32.710997,"2011-08-23","23:03:24",2011-08-23 23:03:24
"976",-117.167514,32.711527,"2011-08-23","23:04:10",2011-08-23 23:04:10
"977",-117.166717,32.711841,"2011-08-23","23:04:59",2011-08-23 23:04:59
"978",-117.1659,32.711979,"2011-08-23","23:05:49",2011-08-23 23:05:49
"979",-117.165651,32.711594,"2011-08-23","23:06:34",2011-08-23 23:06:34
"980",-117.164907,32.711696,"2011-08-23","23:07:21",2011-08-23 23:07:21
"981",-117.164317,32.711689,"2011-08-23","23:08:11",2011-08-23 23:08:11
"982",-117.16397,32.711709,"2011-08-23","23:08:56",2011-08-23 23:08:56
"983",-117.163705,32.71155,"2011-08-23","23:09:40",2011-08-23 23:09:40
"984",-117.162983,32.711455,"2011-08-23","23:10:28",2011-08-23 23:10:28
"985",-117.162227,32.711432,"2011-08-23","23:11:18",2011-08-23 23:11:18
"986",-117.16163,32.711695,"2011-08-23","23:12:04",2011-08-23 23:12:04
"987",-117.161069,32.711747,"2011-08-23","23:12:53",2011-08-23 23:12:53
"988",-117.161151,32.712311,"2011-08-23","23:13:38",2011-08-23 23:13:38
"989",-117.161125,32.712538,"2011-08-23","23:14:23",2011-08-23 23:14:23
"990",-117.161061,32.713208,"2011-08-23","23:15:12",2011-08-23 23:15:12
"991",-117.161184,32.713904,"2011-08-23","23:16:02",2011-08-23 23:16:02
"992",-117.161143,32.714495,"2011-08-23","23:16:52",2011-08-23 23:16:52
"993",-117.161331,32.714473,"2011-08-23","23:17:37",2011-08-23 23:17:37
"994",-117.161538,32.714287,"2011-08-23","23:18:24",2011-08-23 23:18:24
"995",-117.161659,32.714386,"2011-08-23","23:19:08",2011-08-23 23:19:08
"996",-117.16166,32.714384,"2011-08-23","23:19:48",2011-08-23 23:19:48
"997",-117.162059,32.713846,"2011-08-23","23:20:36",2011-08-23 23:20:36
"998",-117.163001,32.713751,"2011-08-23","23:21:17",2011-08-23 23:21:17
"999",-117.163195,32.713748,"2011-08-23","23:22:07",2011-08-23 23:22:07
"1000",-117.163182,32.713754,"2011-08-23","23:22:52",2011-08-23 23:22:52
"1001",-117.162795,32.711515,"2011-08-24","00:43:06",2011-08-24 00:43:06
"1002",-117.163353,32.711606,"2011-08-24","00:43:56",2011-08-24 00:43:56
"1003",-117.163999,32.711571,"2011-08-24","00:44:46",2011-08-24 00:44:46
"1004",-117.164751,32.71145,"2011-08-24","00:45:33",2011-08-24 00:45:33
"1005",-117.165364,32.71139,"2011-08-24","00:46:21",2011-08-24 00:46:21
"1006",-117.165575,32.711439,"2011-08-24","00:47:04",2011-08-24 00:47:04
"1007",-117.166068,32.711453,"2011-08-24","00:47:51",2011-08-24 00:47:51
"1008",-117.166569,32.711481,"2011-08-24","00:48:36",2011-08-24 00:48:36
"1009",-117.167275,32.711544,"2011-08-24","00:49:25",2011-08-24 00:49:25
"1010",-117.168036,32.711365,"2011-08-24","00:50:15",2011-08-24 00:50:15
"1011",-117.168555,32.710886,"2011-08-24","00:51:04",2011-08-24 00:51:04
"1012",-117.168913,32.71054,"2011-08-24","00:51:54",2011-08-24 00:51:54
"1013",-117.168395,32.710927,"2011-08-24","14:35:57",2011-08-24 14:35:57
"1014",-117.168327,32.710854,"2011-08-24","14:36:27",2011-08-24 14:36:27
"1015",-117.168297,32.710823,"2011-08-24","14:37:02",2011-08-24 14:37:02
"1016",-117.167191,32.711444,"2011-08-24","14:37:25",2011-08-24 14:37:25
"1017",-117.16582,32.711469,"2011-08-24","14:37:37",2011-08-24 14:37:37
"1018",-117.165307,32.711499,"2011-08-24","14:38:14",2011-08-24 14:38:14
"1019",-117.163979,32.711489,"2011-08-24","14:38:25",2011-08-24 14:38:25
"1020",-117.163997,32.712176,"2011-08-24","14:38:49",2011-08-24 14:38:49
"1021",-117.163947,32.713123,"2011-08-24","14:39:08",2011-08-24 14:39:08
"1022",-117.163843,32.714268,"2011-08-24","14:39:18",2011-08-24 14:39:18
"1023",-117.163919,32.715271,"2011-08-24","14:39:31",2011-08-24 14:39:31
"1024",-117.163883,32.716602,"2011-08-24","14:39:49",2011-08-24 14:39:49
"1025",-117.163885,32.717799,"2011-08-24","14:40:11",2011-08-24 14:40:11
"1026",-117.164079,32.719113,"2011-08-24","14:40:30",2011-08-24 14:40:30
"1027",-117.164027,32.72041,"2011-08-24","14:40:40",2011-08-24 14:40:40
"1028",-117.163853,32.721849,"2011-08-24","14:40:50",2011-08-24 14:40:50
"1029",-117.16394,32.723074,"2011-08-24","14:41:00",2011-08-24 14:41:00
"1030",-117.164264,32.724288,"2011-08-24","14:41:17",2011-08-24 14:41:17
"1031",-117.165641,32.725299,"2011-08-24","14:41:27",2011-08-24 14:41:27
"1032",-117.167087,32.726713,"2011-08-24","14:41:37",2011-08-24 14:41:37
"1033",-117.168713,32.728446,"2011-08-24","14:41:47",2011-08-24 14:41:47
"1034",-117.17066,32.730622,"2011-08-24","14:41:57",2011-08-24 14:41:57
"1035",-117.172725,32.732971,"2011-08-24","14:42:07",2011-08-24 14:42:07
"1036",-117.17485,32.735415,"2011-08-24","14:42:17",2011-08-24 14:42:17
"1037",-117.176934,32.737802,"2011-08-24","14:42:27",2011-08-24 14:42:27
"1038",-117.179048,32.740156,"2011-08-24","14:42:37",2011-08-24 14:42:37
"1039",-117.181675,32.742197,"2011-08-24","14:42:47",2011-08-24 14:42:47
"1040",-117.184667,32.743598,"2011-08-24","14:42:57",2011-08-24 14:42:57
"1041",-117.187688,32.745002,"2011-08-24","14:43:07",2011-08-24 14:43:07
"1042",-117.190754,32.746422,"2011-08-24","14:43:17",2011-08-24 14:43:17
"1043",-117.193833,32.748026,"2011-08-24","14:43:27",2011-08-24 14:43:27
"1044",-117.196198,32.750088,"2011-08-24","14:43:37",2011-08-24 14:43:37
"1045",-117.198165,32.75229,"2011-08-24","14:43:47",2011-08-24 14:43:47
"1046",-117.200527,32.754119,"2011-08-24","14:43:57",2011-08-24 14:43:57
"1047",-117.202521,32.755799,"2011-08-24","14:44:07",2011-08-24 14:44:07
"1048",-117.203309,32.757317,"2011-08-24","14:44:17",2011-08-24 14:44:17
"1049",-117.203627,32.758611,"2011-08-24","14:44:32",2011-08-24 14:44:32
"1050",-117.203916,32.759751,"2011-08-24","14:45:00",2011-08-24 14:45:00
"1051",-117.204175,32.760807,"2011-08-24","14:45:10",2011-08-24 14:45:10
"1052",-117.204438,32.761826,"2011-08-24","14:45:20",2011-08-24 14:45:20
"1053",-117.204745,32.763063,"2011-08-24","14:45:30",2011-08-24 14:45:30
"1054",-117.205164,32.764726,"2011-08-24","14:45:40",2011-08-24 14:45:40
"1055",-117.20558,32.766339,"2011-08-24","14:45:50",2011-08-24 14:45:50
"1056",-117.206078,32.76819,"2011-08-24","14:46:00",2011-08-24 14:46:00
"1057",-117.206623,32.770346,"2011-08-24","14:46:10",2011-08-24 14:46:10
"1058",-117.207208,32.772577,"2011-08-24","14:46:20",2011-08-24 14:46:20
"1059",-117.207802,32.774848,"2011-08-24","14:46:30",2011-08-24 14:46:30
"1060",-117.20838,32.777136,"2011-08-24","14:46:40",2011-08-24 14:46:40
"1061",-117.208419,32.779639,"2011-08-24","14:46:50",2011-08-24 14:46:50
"1062",-117.207874,32.782315,"2011-08-24","14:47:00",2011-08-24 14:47:00
"1063",-117.207422,32.784983,"2011-08-24","14:47:10",2011-08-24 14:47:10
"1064",-117.207,32.787663,"2011-08-24","14:47:20",2011-08-24 14:47:20
"1065",-117.206957,32.790335,"2011-08-24","14:47:30",2011-08-24 14:47:30
"1066",-117.207579,32.79313,"2011-08-24","14:47:40",2011-08-24 14:47:40
"1067",-117.208818,32.795796,"2011-08-24","14:47:50",2011-08-24 14:47:50
"1068",-117.210324,32.798276,"2011-08-24","14:48:00",2011-08-24 14:48:00
